person-id	start_time	completion_time	background	ethical_agreement	sd_bake_experience	sd_bake_last_time	yeast_bake_experience	yeast_bake_last_time	sd_stor_loc	sd_stor_temp	no_pets	guinea pig	cat	dog	turtle	fish	pets	plants	plants_in_sd_room	siblings	age_siblings	other_fermentations	hands_disinfect	hands_wahsh_water	hands_wash_soap	hands_cream	handedness	biological_sex	age	hands_injuries	hands_injuries_treatments	diversity_assumption	latitude	longitude	house_type	garden	dist_agricultural_field	dist_farm	day7_pH	day7_TTA	day7_LAB	day7_yeast	day14_pH	day14_TTA	day14_LAB	day14_yeast	day21_pH	day21_TTA	day21_LAB	day21_yeast	day7_pH_home	day7_leavening	day7_aromas	day7_motivation	day7_observations	day14_pH_home	day14_leavening	day14_aromas	day14_motivation	day14_observations	day21_pH_home	day21_leavening	day21_aromas	day21_motivation	day21_observations	ALCOHOLIC_D7	ANIMAL FEED_D7	ANIMAL STABLE_D7	APPLE_D7	BANANA_D7	BEER_D7	BERRIES_D7	BREAD_D7	BUTTER MILK_D7	BUTYRIC ACID_D7	CAPERS_D7	CARAMEL_D7	CHICKPEA_D7	CORN_D7	FARM_D7	GLUE_D7	GRAIN FIELD_D7	HAY_D7	HAZELNUT_D7	LACTIC ACID_D7	LEMON_D7	MATURED HARD CHEESE_D7	MOIST WOOD_D7	MOLDY_D7	PAINT_D7	PEANUT_D7	PICKLED VEGETABLES_D7	PINEAPPLE_D7	PORRIDGE_D7	RED WINE_D7	RICE_D7	ROOT VEGETABLES_D7	SMOKED_D7	SOIL_D7	SOUR CREAM_D7	SWEATY FEET_D7	SYNTHETIC_D7	TOASTED BREAD_D7	UNRIPE FRUITS_D7	URINE_D7	VEGETAL_D7	VINEGAR_D7	WHOLE GRAIN_D7	YEASTY_D7	YOGHURT_D7	ALCOHOLIC_D14	ANIMAL FEED_D14	ANIMAL STABLE_D14	APPLE_D14	BANANA_D14	BEER_D14	BERRIES_D14	BREAD_D14	BUTTER MILK_D14	BUTYRIC ACID_D14	CAPERS_D14	CARAMEL_D14	CHICKPEA_D14	CORN_D14	FARM_D14	GLUE_D14	GRAIN FIELD_D14	HAY_D14	HAZELNUT_D14	LACTIC ACID_D14	LEMON_D14	MATURED HARD CHEESE_D14	MOIST WOOD_D14	MOLDY_D14	PAINT_D14	PEANUT_D14	PICKLED VEGETABLES_D14	PINEAPPLE_D14	PORRIDGE_D14	RED WINE_D14	RICE_D14	ROOT VEGETABLES_D14	SMOKED_D14	SOIL_D14	SOUR CREAM_D14	SWEATY FEET_D14	SYNTHETIC_D14	TOASTED BREAD_D14	UNRIPE FRUITS_D14	URINE_D14	VEGETAL_D14	VINEGAR_D14	WHOLE GRAIN_D14	YEASTY_D14	YOGHURT_D14	ALCOHOLIC_D21	ANIMAL FEED_D21	ANIMAL STABLE_D21	APPLE_D21	BANANA_D21	BEER_D21	BERRIES_D21	BREAD_D21	BUTTER MILK_D21	BUTYRIC ACID_D21	CAPERS_D21	CARAMEL_D21	CHICKPEA_D21	CORN_D21	FARM_D21	GLUE_D21	GRAIN FIELD_D21	HAY_D21	HAZELNUT_D21	LACTIC ACID_D21	LEMON_D21	MATURED HARD CHEESE_D21	MOIST WOOD_D21	MOLDY_D21	PAINT_D21	PEANUT_D21	PICKLED VEGETABLES_D21	PINEAPPLE_D21	PORRIDGE_D21	RED WINE_D21	RICE_D21	ROOT VEGETABLES_D21	SMOKED_D21	SOIL_D21	SOUR CREAM_D21	SWEATY FEET_D21	SYNTHETIC_D21	TOASTED BREAD_D21	UNRIPE FRUITS_D21	URINE_D21	VEGETAL_D21	VINEGAR_D21	WHOLE GRAIN_D21	YEASTY_D21	YOGHURT_D21	PORRIDGE_D28	WHOLE GRAIN_D28	HAY_D28	BREAD_D28	CORN_D28	RICE_D28	GRAIN FIELD_D28	ALCOHOLIC_D28	YEASTY_D28	BEER_D28	RED WINE_D28	ROOT VEGETABLES_D28	CHICKPEA_D28	LEAVES_D28	UNRIPE FRUITS_D28	VEGETAL_D28	GRASS_D28	ANIMAL FEED_D28	ANIMAL STABLE_D28	MANURE_D28	FARM_D28	GLUE_D28	PAINT_D28	SYNTHETIC_D28	PLASTIC_D28	AMMONIA_D28	SWEATY FEET_D28	BUTYRIC ACID_D28	VOMIT_D28	FART_D28	URINE_D28	TROPICAL FRUITS_D28	BERRIES_D28	BANANA_D28	PINEAPPLE_D28	APPLE_D28	BURNED_D28	CARAMEL_D28	TOASTED BREAD_D28	SMOKED_D28	SILAGE/FERMENTED GRASS_D28	CAPERS_D28	LEMON_D28	VINEGAR_D28	PICKLED VEGETABLES_D28	FISHY_D28	MINERALS_D28	SEAWEED_D28	SOIL_D28	MOIST WOOD_D28	MOLDY_D28	LACTIC ACID_D28	YOGHURT_D28	MATURED HARD CHEESE_D28	BUTTER MILK_D28	SOUR CREAM_D28	HAZELNUT_D28	PEANUT_D28	fluid_D28	viscous_D28	semifluid_D28	compact_D28	creamy_D28	sticky_D28	lumpy_D28	elastic_D28	slimy_D28	small_bubbles_D28	medium_bubbles_D28	large_bubbles_D28	few_bubbles_D28	many_bubbles_D28	dayx_leavening_D28	dayx_pH_D28	grain_cereal_score_D28	fermented_score_D28	veggie_score_D28	animal_score_D28	chemical_score_D28	body_odour_score_D28	fruity_score_D28	maillard_score_D28	sour_score_D28	ocean_score_D28	earthy_score_D28	fermented_dairy_score_D28	nutty_score_D28
1701	6.18.24 23:34:47	6.18.24 23:37:55	sterile	I agree.	no		yes	4.18.2024	kitchen counter	23.0	1.0						none;	yes	no	yes	14;	yogurt;	1.0	5.0	5.0	1.0	right	F	18.0	cut(s);burn(s);	none;		47.34104809	8.274512345	apartment	yes	100.0	500.0	3.57	18.6			3.59	18.15	9.113943352	6.275053371	3.64	19.21	9.447158031	6.345992224																0	0	0	0	0	0	0	0	0	0	0	0	0	0	0	0	0	0	0	0	0	0	0	0	0	0	0	0	0	0	0	0	0	0	0	0	0	0	0	0	0	0	0	0	0	0	0	0	0	0	0	0	0	0	0	0	0	0	0	0	0	0	0	0	0	0	0	0	0	0	0	0	0	0	0	0	0	0	0	0	0	0	0	0	0	0	0	0	0	0	0	0	0	0	0	0	0	0	0	0	0	0	0	0	0	0	0	0	0	0	0	0	0	0	0	0	0	0	0	0	0	0	0	0	0	0	0	0	0	0	0	0	0	0	0	0.0	0.0	0.0	0.0	0.0	0.0	0.0	0.0	0.0	0.0	0.0	0.0	0.0	0.0	0.0	0.0	0.0	0.0	0.0	0.0	0.0	0.0	1.0	1.0	0.0	0.0	0.0	0.0	0.0	0.0	0.0	1.0	0.0	0.0	0.0	0.0	0.0	0.0	0.0	0.0	0.0	0.0	0.0	0.0	0.0	0.0	0.0	0.0	0.0	0.0	0.0	0.0	0.0	0.0	0.0	0.0	0.0	0.0	0.0	1.0	0.0	0.0	1.0	0.0	0.0	0.0	0.0	0.0	0.0	1.0	0.0	1.0	2.1	3.99	0.0	0.0	0.0	0.0	2.0	0.0	1.0	0.0	0.0	0.0	0.0	0.0	0.0
1702	6.18.24 23:37:40	6.18.24 23:42:32	sterile	I agree.	no		yes	05.01.2023	cupboard	25.0	1.0						none;	no		yes	18;19;	none;	3.0	5.0	4.0	2.0	right	M	19.0	burn(s);abrasion(s);	none;		47.34419094	8.27279416	townhouse	yes	10.0	50.0	3.66	12.65			3.55	15.6	10.05220746	6.309586908	3.97	9.17	10.32014629	5.53067249	4.4		lactic acid; yoghurt; vinegar;	5.0							4.0		yogurt;lactic acid;	4.0		0	0	0	0	0	0	0	0	0	0	0	0	0	0	0	0	0	0	0	1	0	0	0	0	0	0	0	0	0	0	0	0	0	0	0	0	0	0	0	0	0	1	0	0	1	0	0	0	0	0	0	0	0	0	0	0	0	0	0	0	0	0	0	0	0	0	0	0	0	0	0	0	0	0	0	0	0	0	0	0	0	0	0	0	0	0	0	0	0	0	0	0	0	0	0	0	0	0	0	0	0	0	0	0	0	0	0	0	0	1	0	0	0	0	0	0	0	0	0	0	0	0	0	0	0	0	0	0	0	0	0	0	0	0	1	1.0	0.0	0.0	0.0	0.0	0.0	1.0	0.0	1.0	0.0	0.0	0.0	0.0	0.0	0.0	0.0	0.0	0.0	0.0	0.0	0.0	0.0	0.0	0.0	0.0	0.0	0.0	0.0	0.0	0.0	0.0	0.0	0.0	0.0	0.0	0.0	0.0	0.0	0.0	0.0	0.0	0.0	0.0	0.0	0.0	0.0	0.0	0.0	0.0	0.0	0.0	0.0	0.0	0.0	0.0	0.0	0.0	0.0	0.0	1.0	0.0	0.0	0.0	1.0	0.0	0.0	0.0	0.0	1.0	0.0	1.0	0.0	1.3	3.79	2.0	1.0	0.0	0.0	0.0	0.0	0.0	0.0	0.0	0.0	0.0	0.0	0.0
1703	6.18.24 15:24:39	6.18.24 15:28:40	sterile	I agree.	no		yes		kitchen counter	21.0		1.0					guinea pig;	yes	yes	yes	14;	none;	0.0	5.0	3.0	1.0	right	F	19.0	no;	none;	I ride my bike to school and therefore still have bacteria on my hands	47.35035044	8.290789775	detached house	yes	50.0	50.0	3.7	12.92	10.62117628	3.763427994	3.73	13.7	10.35475329	6.34677933	3.81	13.35	10.24136881	6.523070328	4.4	1.3	Yoghurt;Yeast;Glue;	10.0		4.4	1.5	Yoghurt;Yeast;Vinegar;Damp wood;Mold;	10.0		4.4	1.8	porridge; yoghurt; yeast;	10.0		0	0	0	0	0	0	0	0	0	0	0	0	0	0	0	1	0	0	0	0	0	0	0	0	0	0	0	0	0	0	0	0	0	0	0	0	0	0	0	0	0	0	0	1	1	0	0	0	0	0	0	0	0	0	0	0	0	0	0	0	0	0	0	0	0	0	0	1	1	0	0	0	0	0	0	0	0	0	0	0	0	0	0	0	0	0	1	0	1	1	0	0	0	0	0	0	0	0	0	0	0	0	0	0	0	0	0	0	0	0	0	0	0	0	0	0	0	0	1	0	0	0	0	0	0	0	0	0	0	0	0	0	0	1	1	0.0	0.0	0.0	0.0	0.0	1.0	0.0	0.0	0.0	0.0	0.0	0.0	0.0	0.0	0.0	0.0	0.0	0.0	0.0	0.0	0.0	0.0	0.0	0.0	0.0	0.0	0.0	0.0	0.0	0.0	0.0	0.0	0.0	0.0	0.0	0.0	0.0	0.0	0.0	0.0	0.0	0.0	0.0	1.0	1.0	0.0	0.0	0.0	0.0	0.0	0.0	1.0	0.0	0.0	0.0	0.0	0.0	0.0	0.0	0.0	0.0	0.0	0.0	0.0	0.0	1.0	1.0	1.0	0.0	0.0	0.0	1.0	1.1	3.71	1.0	0.0	0.0	0.0	0.0	0.0	0.0	0.0	2.0	0.0	0.0	1.0	0.0
1704	6.24.24 21:14:24	6.24.24 21:16:48	sterile	I agree.	no		no		kitchen counter	21.0	1.0						none;	yes	yes	yes	22;	none;	3.0	0.0	5.0	0.0	right	F	19.0	no;	none;	No idea	47.35148327	8.285579675	detached house	yes	50.0	500.0	3.63	13.98	9.235849835	4.859738566					3.83	13.07	9.544068044	5.323643253	4.5	2.0	Synthetic;	5.0												0	0	0	0	0	0	0	0	0	0	0	0	0	0	0	0	0	0	0	0	0	0	0	0	0	0	0	0	0	0	0	0	0	0	0	0	1	0	0	0	0	0	0	0	0	0	0	0	0	0	0	0	0	0	0	0	0	0	0	0	0	0	0	0	0	0	0	0	0	0	0	0	0	0	0	0	0	0	0	0	0	0	0	0	0	0	0	0	0	0	0	0	0	0	0	0	0	0	0	0	0	0	0	0	0	0	0	0	0	0	0	0	0	0	0	0	0	0	0	0	0	0	0	0	0	0	0	0	0	0	0	0	0	0	0	0.0	0.0	0.0	0.0	0.0	0.0	0.0	1.0	0.0	0.0	0.0	0.0	0.0	0.0	0.0	0.0	0.0	0.0	0.0	0.0	0.0	0.0	0.0	0.0	0.0	0.0	0.0	0.0	1.0	0.0	0.0	1.0	0.0	0.0	1.0	0.0	0.0	0.0	0.0	0.0	0.0	0.0	1.0	0.0	0.0	0.0	0.0	0.0	0.0	0.0	0.0	0.0	0.0	0.0	0.0	1.0	0.0	0.0	1.0	0.0	0.0	0.0	0.0	0.0	0.0	0.0	0.0	0.0	1.0	0.0	1.0	0.0	0.3	4.1	0.0	1.0	0.0	0.0	0.0	1.0	2.0	0.0	1.0	0.0	0.0	1.0	0.0
1705	6.24.24 21:41:15	6.24.24 21:46:29	sterile	I agree.	no		yes	2.19.2024	kitchen counter	16.0			1.0				cat;	yes	yes	yes	16;	none;	0.0	8.0	4.0	1.0	right	F	18.0	no;	none;	I had a cold for a while	47.34518811	8.354666175	townhouse	yes	500.0	500.0	3.68	12.67	10.56702637	4.527897164	3.72	14.93	10.01848659	6.73239376	4.04	10.3	10.34936244	6.564830295	4.5	0.5	Grain field;Sweaty feet;Damp wood;Color;	6.0	It almost doesn't open?? However, it smells a lot better now, previously it smelled more like feet/smelly shoes, now it smells more like grain	4.3	0.3	Lactic Acid;Yeast;Beer;Damp Wood;	5.0							0	0	0	0	0	0	0	0	0	0	0	0	0	0	0	0	1	0	0	0	0	0	1	0	1	0	0	0	0	0	0	0	0	0	0	1	0	0	0	0	0	0	0	0	0	0	0	0	0	0	1	0	0	0	0	0	0	0	0	0	0	0	0	0	1	0	0	1	0	0	0	0	0	0	0	0	0	0	0	0	0	0	0	0	0	0	0	0	1	0	0	0	0	0	0	0	0	0	0	0	0	0	0	0	0	0	0	0	0	0	0	0	0	0	0	0	0	0	0	0	0	0	0	0	0	0	0	0	0	0	0	0	0	0	0																																																																																							
1706			sterile																									M											3.51	15.59	10.26481782	5.77815125																								0	0	0	0	0	0	0	0	0	0	0	0	0	0	0	0	0	0	0	0	0	0	0	0	0	0	0	0	0	0	0	0	0	0	0	0	0	0	0	0	0	0	0	0	0	0	0	0	0	0	0	0	0	0	0	0	0	0	0	0	0	0	0	0	0	0	0	0	0	0	0	0	0	0	0	0	0	0	0	0	0	0	0	0	0	0	0	0	0	0	0	0	0	0	0	0	0	0	0	0	0	0	0	0	0	0	0	0	0	0	0	0	0	0	0	0	0	0	0	0	0	0	0	0	0	0	0	0	0	0	0	0	0	0	0																																																																																							
1707	6.19.24 10:55:54	6.19.24 11:00:52	sterile	I agree.	no		yes	6.15.2024	kitchen counter	23.0	1.0						none;	no		yes	18;20;21;	none;	0.0	3.0	5.0	0.0	right	F	18.0	cut(s);	none;		47.36607814	8.231205645	apartment	no	500.0	100.0	3.71	12.28	11.06370856	4.719557638	3.84	13.76	10.0876614	6.288503542	3.86	14.22	10.08736058	6.544068044	4.2	0.7	Bread;Toasted Bread;Smoked;Yoghurt;	5.0		4.2			4.0		4.2			3.0		0	0	0	0	0	0	0	1	0	0	0	0	0	0	0	0	0	0	0	0	0	0	0	0	0	0	0	0	0	0	0	0	1	0	0	0	0	1	0	0	0	0	0	0	1	0	0	0	0	0	0	0	0	0	0	0	0	0	0	0	0	0	0	0	0	0	0	0	0	0	0	0	0	0	0	0	0	0	0	0	0	0	0	0	0	0	0	0	0	0	0	0	0	0	0	0	0	0	0	0	0	0	0	0	0	0	0	0	0	0	0	0	0	0	0	0	0	0	0	0	0	0	0	0	0	0	0	0	0	0	0	0	0	0	0	0.0	1.0	0.0	0.0	0.0	0.0	0.0	0.0	1.0	0.0	0.0	0.0	0.0	1.0	0.0	1.0	0.0	0.0	0.0	0.0	0.0	0.0	0.0	0.0	0.0	0.0	1.0	0.0	0.0	0.0	0.0	0.0	0.0	0.0	0.0	0.0	0.0	0.0	0.0	0.0	0.0	0.0	0.0	0.0	1.0	0.0	0.0	0.0	0.0	0.0	0.0	0.0	1.0	0.0	0.0	0.0	0.0	0.0	1.0	0.0	0.0	0.0	0.0	0.0	1.0	0.0	0.0	1.0	0.0	0.0	0.0	1.0	1.2	3.76	1.0	1.0	2.0	0.0	0.0	1.0	0.0	0.0	1.0	0.0	0.0	1.0	0.0
1708	6.18.24 13:54:21	6.18.24 13:57:28	sterile	I agree.	no		no		kitchen counter	23.0			1.0				cat;	yes	no	yes	1;	none;	0.0	5.0	2.0	0.0	right	F	18.0	cut(s);	none;		47.31394162	8.42430926	detached house	yes	50.0	100.0	3.76	10.78	10.77670118	3.113943352	3.75	14.9	9.917460093	5.744392626	3.76	13.8	10.38021124	6.93144648	4.2	0.6	Yeast;	7.0		4.5	0.7	yeast; beer;	8.0		4.2	0.7	yeast; vinegar;	7.0		0	0	0	0	0	0	0	0	0	0	0	0	0	0	0	0	0	0	0	0	0	0	0	0	0	0	0	0	0	0	0	0	0	0	0	0	0	0	0	0	0	0	0	1	0	0	0	0	0	0	1	0	0	0	0	0	0	0	0	0	0	0	0	0	0	0	0	0	0	0	0	0	0	0	0	0	0	0	0	0	0	0	0	0	0	0	0	0	1	0	0	0	0	0	0	0	0	0	0	0	0	0	0	0	0	0	0	0	0	0	0	0	0	0	0	0	0	0	0	0	0	0	0	0	0	0	0	0	0	0	0	1	0	1	0	0.0	0.0	0.0	0.0	0.0	0.0	0.0	0.0	0.0	0.0	0.0	0.0	0.0	0.0	0.0	0.0	0.0	0.0	0.0	0.0	0.0	0.0	0.0	0.0	0.0	0.0	0.0	0.0	0.0	0.0	0.0	0.0	0.0	0.0	0.0	0.0	0.0	0.0	0.0	0.0	0.0	0.0	0.0	1.0	0.0	0.0	0.0	0.0	0.0	0.0	0.0	0.0	0.0	0.0	0.0	1.0	0.0	0.0	1.0	0.0	0.0	0.0	1.0	0.0	0.0	0.0	0.0	1.0	0.0	0.0	0.0	1.0	0.8	3.75	0.0	0.0	0.0	0.0	0.0	0.0	0.0	0.0	1.0	0.0	0.0	1.0	0.0
1709	6.18.24 22:33:36	6.18.24 22:36:01	sterile	I agree.	no		yes	7.24.2020	kitchen counter	24.0			1.0				cat;	yes	yes	yes	1;	none;	0.0	4.0	4.0	1.0	right	F	18.0	cut(s);	none;		47.31274242	8.25594156	detached house	yes	10.0	500.0	4.07	7.28	10.62736586	3.176091259	3.78	13.23	10.1197194	3.698970004	3.75	13.6	10.41476854	5.680979772	4.8		Yoghurt;Vinegar;Sweaty feet;	7.0		4.1	1.0	grain field;hazelnut;yoghurt;	6.0							0	0	0	0	0	0	0	0	0	0	0	0	0	0	0	0	0	0	0	0	0	0	0	0	0	0	0	0	0	0	0	0	0	0	0	1	0	0	0	0	0	1	0	0	1	0	0	0	0	0	0	0	0	0	0	0	0	0	0	0	0	1	0	1	0	0	0	0	0	0	0	0	0	0	0	0	0	0	0	0	0	0	0	0	0	0	0	0	0	1	0	0	0	0	0	0	0	0	0	0	0	0	0	0	0	0	0	0	0	0	0	0	0	0	0	0	0	0	0	0	0	0	0	0	0	0	0	0	0	0	0	0	0	0	0	0.0	1.0	0.0	1.0	0.0	0.0	1.0	0.0	1.0	0.0	0.0	0.0	0.0	0.0	0.0	0.0	0.0	0.0	0.0	0.0	0.0	0.0	0.0	0.0	0.0	0.0	0.0	0.0	0.0	0.0	0.0	0.0	0.0	0.0	0.0	0.0	0.0	0.0	1.0	0.0	0.0	0.0	0.0	0.0	0.0	0.0	0.0	0.0	0.0	0.0	0.0	0.0	0.0	0.0	0.0	0.0	0.0	1.0	1.0	0.0	0.0	0.0	0.0	0.0	0.0	1.0	1.0	1.0	0.0	0.0	0.0	1.0	1.3	3.76	3.0	1.0	0.0	0.0	0.0	0.0	0.0	1.0	0.0	0.0	0.0	0.0	1.0
1710	6.24.24 22:36:48	6.24.24 22:40:57	sterile	I agree.	no		yes	6.22.2024	bedroom	19.0			1.0				cat;	yes	yes	yes	15;	none;	0.0	5.0	4.0	1.0	right	F	18.0	cut(s);burn(s);abrasion(s);	none;	Bicycle, gym, volleyball	47.29092988	8.26378316	farmhouse	yes	10.0	100.0	3.89	8.35	10.41329976	5.151063253					4.21	8.29	10.54775838	4.342422681																0	0	0	0	0	0	0	0	0	0	0	0	0	0	0	0	0	0	0	0	0	0	0	0	0	0	0	0	0	0	0	0	0	0	0	0	0	0	0	0	0	0	0	0	0	0	0	0	0	0	0	0	0	0	0	0	0	0	0	0	0	0	0	0	0	0	0	0	0	0	0	0	0	0	0	0	0	0	0	0	0	0	0	0	0	0	0	0	0	0	0	0	0	0	0	0	0	0	0	0	0	0	0	0	0	0	0	0	0	0	0	0	0	0	0	0	0	0	0	0	0	0	0	0	0	0	0	0	0	0	0	0	0	0	0	0.0	0.0	0.0	0.0	0.0	0.0	0.0	0.0	0.0	0.0	0.0	0.0	0.0	0.0	0.0	0.0	0.0	0.0	0.0	0.0	0.0	0.0	0.0	0.0	0.0	0.0	0.0	0.0	0.0	1.0	0.0	0.0	0.0	1.0	0.0	0.0	0.0	0.0	1.0	0.0	0.0	0.0	0.0	0.0	0.0	0.0	0.0	0.0	0.0	0.0	0.0	0.0	0.0	0.0	0.0	0.0	0.0	0.0	1.0	0.0	0.0	0.0	1.0	0.0	0.0	0.0	0.0	1.0	0.0	0.0	1.0	0.0	0.4	3.76	0.0	0.0	0.0	0.0	0.0	1.0	1.0	1.0	0.0	0.0	0.0	0.0	0.0
1711	6.18.24 13:54:21	6.18.24 13:58:10	sterile	I agree.	no		yes	4.24.2024	living room	24.0			1.0				cat;	yes	no	yes	21;24;	none;	1.0	4.0	5.0	1.0	right	F	18.0	cut(s);	none;		47.27347583	8.35053336	detached house	yes	500.0	500.0	3.69	13.46	11.07261748	4.854199059	3.81	16.68	9.942760957	6.643452676	3.86	11.67	10.68189161	7.283071204	4.6	1.2	Bread;Whole Grain;Apple;Toasted Bread;Earth;	10.0		4.6	0.5	Rice;Cereal field;Oatmeal;Root vegetables;Roasted bread;Lactic acid;Mature hard cheese;Pickled vegetables;	10.0		4.4	1.6	Hay;Vegetable;Pickled Vegetables;Synthetic;	10.0		0	0	0	1	0	0	0	1	0	0	0	0	0	0	0	0	0	0	0	0	0	0	0	0	0	0	0	0	0	0	0	0	0	1	0	0	0	1	0	0	0	0	1	0	0	0	0	0	0	0	0	0	0	0	0	0	0	0	0	0	0	1	0	0	1	0	1	0	0	0	0	1	0	1	0	1	1	0	0	0	0	0	1	0	0	0	0	0	0	0	0	0	0	0	0	0	0	0	0	0	0	0	0	0	0	0	0	1	0	0	0	0	0	0	0	0	1	0	0	0	0	0	0	0	0	0	1	0	0	0	1	0	0	0	0	0.0	0.0	0.0	0.0	0.0	0.0	0.0	0.0	0.0	0.0	0.0	0.0	1.0	0.0	0.0	0.0	0.0	0.0	0.0	0.0	0.0	0.0	0.0	0.0	0.0	0.0	0.0	0.0	0.0	0.0	0.0	0.0	0.0	0.0	0.0	0.0	0.0	0.0	0.0	0.0	0.0	0.0	0.0	1.0	1.0	0.0	0.0	0.0	0.0	0.0	0.0	1.0	0.0	0.0	0.0	0.0	0.0	0.0	0.0	1.0	0.0	0.0	0.0	1.0	1.0	0.0	0.0	0.0	1.0	0.0	0.0	1.0	1.9	3.86	0.0	0.0	1.0	0.0	0.0	0.0	0.0	0.0	2.0	0.0	0.0	1.0	0.0
1712	6.23.24 0:41:14	6.23.24 0:46:03	sterile	I agree.	no		yes	12.06.2023	kitchen counter	24.0				1.0			dog;	yes	no	yes	15;	none;	0.0	5.0	5.0	0.0	right	F	18.0	no;	none;		47.19734594	8.38660866	detached house	yes	50.0	100.0	3.72	11.78			3.73	13.5	10.12242934	6.184388729	3.8	11.58	10.47475612	6.545218282	4.1	1.2	lactic acid; yeast;	5.0		4.4	0.9	yeast;beer;vinegar;	5.0		4.1	1.0	Vinegar;	5.0		0	0	0	0	0	0	0	0	0	0	0	0	0	0	0	0	0	0	0	1	0	0	0	0	0	0	0	0	0	0	0	0	0	0	0	0	0	0	0	0	0	0	0	1	0	0	0	0	0	0	1	0	0	0	0	0	0	0	0	0	0	0	0	0	0	0	0	0	0	0	0	0	0	0	0	0	0	0	0	0	0	0	0	0	0	0	1	0	1	0	0	0	0	0	0	0	0	0	0	0	0	0	0	0	0	0	0	0	0	0	0	0	0	0	0	0	0	0	0	0	0	0	0	0	0	0	0	0	0	0	0	1	0	0	0	0.0	0.0	0.0	0.0	0.0	0.0	1.0	0.0	1.0	0.0	0.0	0.0	0.0	0.0	0.0	0.0	0.0	0.0	0.0	0.0	0.0	1.0	1.0	1.0	0.0	0.0	0.0	0.0	0.0	0.0	0.0	0.0	0.0	0.0	0.0	0.0	0.0	0.0	0.0	0.0	0.0	0.0	0.0	0.0	0.0	0.0	0.0	0.0	0.0	0.0	0.0	0.0	0.0	0.0	0.0	0.0	0.0	0.0	0.0	1.0	0.0	0.0	0.0	0.0	1.0	0.0	0.0	0.0	1.0	0.0	0.0	1.0	1.3	3.75	1.0	1.0	0.0	0.0	3.0	0.0	0.0	0.0	0.0	0.0	0.0	0.0	0.0
1713	6.24.24 22:31:00	6.24.24 22:34:47	sterile	I agree.	no		no		kitchen counter	21.0	1.0						none;	yes	yes	yes	21;	none;	0.0	5.0	4.0	1.0	right	F	18.0	no;	none;		47.29877376	8.392866275	detached house	yes	100.0	500.0	3.7	13.82	10.74429298	5.063792684	3.87	15.1	9.912758132	6.462397998	3.71	15.1	10.27040374	6.456988586	4.4	0.4	Lactic acid;Sour cream;Vinegar;	7.0												0	0	0	0	0	0	0	0	0	0	0	0	0	0	0	0	0	0	0	1	0	0	0	0	0	0	0	0	0	0	0	0	0	0	1	0	0	0	0	0	0	1	0	0	0	0	0	0	0	0	0	0	0	0	0	0	0	0	0	0	0	0	0	0	0	0	0	0	0	0	0	0	0	0	0	0	0	0	0	0	0	0	0	0	0	0	0	0	0	0	0	0	0	0	0	0	0	0	0	0	0	0	0	0	0	0	0	0	0	0	0	0	0	0	0	0	0	0	0	0	0	0	0	0	0	0	0	0	0	0	0	0	0	0	0	0.0	0.0	0.0	0.0	0.0	0.0	0.0	0.0	0.0	0.0	0.0	0.0	0.0	0.0	0.0	1.0	0.0	0.0	0.0	1.0	0.0	0.0	0.0	0.0	0.0	0.0	0.0	0.0	0.0	0.0	1.0	0.0	0.0	0.0	0.0	0.0	0.0	0.0	0.0	0.0	0.0	0.0	0.0	1.0	0.0	0.0	0.0	0.0	0.0	0.0	0.0	0.0	0.0	0.0	1.0	0.0	0.0	0.0	1.0	0.0	0.0	0.0	1.0	0.0	0.0	0.0	0.0	1.0	0.0	0.0	0.0	1.0	1.3	3.9	0.0	0.0	1.0	1.0	0.0	1.0	0.0	0.0	1.0	0.0	0.0	1.0	0.0
1714	6.19.24 18:01:17	6.19.24 18:04:44	sterile	I agree.	no		yes	11.17.2022	refrigerator	10.0		1.0	1.0			1.0	cat;guinea pig;fish;	no		yes	8;21;	yogurt;	0.0	2.0	2.0	0.0	right	M	19.0	cut(s);grazing(s);	disinfectant cream;anti-inflammatory cream;		47.29845326	8.230079545	detached house	yes	50.0	500.0	3.7	11.99	10.5276299	5.145615258	3.78	12.4	9.742796798	6.643452676					3.8	1.0	lactic acid; vinegar;	2.0												0	0	0	0	0	0	0	0	0	0	0	0	0	0	0	0	0	0	0	1	0	0	0	0	0	0	0	0	0	0	0	0	0	0	0	0	0	0	0	0	0	1	0	0	0	0	0	0	0	0	0	0	0	0	0	0	0	0	0	0	0	0	0	0	0	0	0	0	0	0	0	0	0	0	0	0	0	0	0	0	0	0	0	0	0	0	0	0	0	0	0	0	0	0	0	0	0	0	0	0	0	0	0	0	0	0	0	0	0	0	0	0	0	0	0	0	0	0	0	0	0	0	0	0	0	0	0	0	0	0	0	0	0	0	0																																																																																							
1715			sterile																									M																																						0	0	0	0	0	0	0	0	0	0	0	0	0	0	0	0	0	0	0	0	0	0	0	0	0	0	0	0	0	0	0	0	0	0	0	0	0	0	0	0	0	0	0	0	0	0	0	0	0	0	0	0	0	0	0	0	0	0	0	0	0	0	0	0	0	0	0	0	0	0	0	0	0	0	0	0	0	0	0	0	0	0	0	0	0	0	0	0	0	0	0	0	0	0	0	0	0	0	0	0	0	0	0	0	0	0	0	0	0	0	0	0	0	0	0	0	0	0	0	0	0	0	0	0	0	0	0	0	0	0	0	0	0	0	0																																																																																							
1716	6.18.24 13:55:16	6.18.24 13:59:37	sterile	I agree.	no		yes	05.01.2024	kitchen counter	25.0	1.0						none;	yes	no	yes	13;	none;	2.0	4.0	3.0	1.0	right	M	19.0	no;	none;		47.35563274	8.275483507	apartment	no	500.0	1500.0	3.79	14.31	10.53655844	4.83658887	3.87	14.55	10.06654802	6.34172622	3.78	14.14	10.56937391	6.686701973	4.1	0.3	Animal feed;Sour cream;Peanut;Hay;Corn;	8.0		4.3	1.3	grain field; hazelnut; buttermilk;	8.0		4.4	1.5	Corn;Vinegar;Pickled vegetables;	7.0		0	1	0	0	0	0	0	0	0	0	0	0	0	1	0	0	0	1	0	0	0	0	0	0	0	1	0	0	0	0	0	0	0	0	1	0	0	0	0	0	0	0	0	0	0	0	0	0	0	0	0	0	0	1	0	0	0	0	0	0	0	1	0	1	0	0	0	0	0	0	0	0	0	0	0	0	0	0	0	0	0	0	0	0	0	0	0	0	0	0	0	0	0	0	0	0	0	0	0	0	0	0	0	1	0	0	0	0	0	0	0	0	0	0	0	0	1	0	0	0	0	0	0	0	0	0	0	0	0	0	0	1	0	0	0	0.0	0.0	0.0	0.0	0.0	0.0	1.0	0.0	1.0	0.0	0.0	0.0	0.0	0.0	0.0	0.0	0.0	0.0	0.0	0.0	0.0	0.0	0.0	0.0	0.0	0.0	0.0	0.0	0.0	0.0	0.0	0.0	0.0	1.0	0.0	1.0	0.0	0.0	0.0	0.0	0.0	0.0	0.0	0.0	0.0	0.0	0.0	0.0	0.0	0.0	0.0	0.0	0.0	0.0	0.0	0.0	0.0	0.0	0.0	1.0	0.0	0.0	1.0	0.0	1.0	0.0	0.0	0.0	0.0	1.0	1.0	0.0	0.7	3.73	1.0	1.0	0.0	0.0	0.0	0.0	2.0	0.0	0.0	0.0	0.0	0.0	0.0
1717	6.19.24 10:59:35	6.19.24 11:04:09	sterile	I agree.	no		yes	04.12.2023	kitchen counter	20.0				1.0			dog;	no		no		none;	1.0	5.0	1.0	0.0	right	F	18.0	no;	none;	I love petting my dogs and they have free access to our garden.	47.22815578	8.38732996	detached house	yes	100.0	100.0	3.81	16.12	11.09656244	4.222716471	3.73	17.41	10.00851305	5.568444815	3.92	13.07	10.51587384	7.324282455	4.1	2.0	Ripe hard cheese; sweaty feet;	7.0		3.9	2.5	Sweaty feet; Damp wood; Vinegar;	7.0							0	0	0	0	0	0	0	0	0	0	0	0	0	0	0	0	0	0	0	0	0	1	0	0	0	0	0	0	0	0	0	0	0	0	0	1	0	0	0	0	0	0	0	0	0	0	0	0	0	0	0	0	0	0	0	0	0	0	0	0	0	0	0	0	0	0	0	1	0	0	0	0	0	0	0	0	0	0	0	0	1	0	0	0	0	0	1	0	0	0	0	0	0	0	0	0	0	0	0	0	0	0	0	0	0	0	0	0	0	0	0	0	0	0	0	0	0	0	0	0	0	0	0	0	0	0	0	0	0	0	0	0	0	0	0	0.0	0.0	0.0	0.0	0.0	0.0	0.0	0.0	0.0	0.0	0.0	0.0	0.0	0.0	0.0	0.0	0.0	0.0	0.0	0.0	0.0	0.0	0.0	0.0	0.0	0.0	1.0	0.0	1.0	1.0	0.0	0.0	0.0	0.0	0.0	0.0	0.0	0.0	0.0	0.0	0.0	0.0	0.0	0.0	0.0	0.0	0.0	0.0	0.0	0.0	0.0	0.0	0.0	1.0	0.0	0.0	0.0	0.0	1.0	0.0	0.0	0.0	1.0	0.0	0.0	0.0	0.0	1.0	0.0	0.0	0.0	1.0	1.2	3.75	0.0	0.0	0.0	0.0	0.0	3.0	0.0	0.0	0.0	0.0	0.0	1.0	0.0
1718			sterile																									F											3.73	12.15	10.89872518	4.06069784	3.91	14.5	10.20067059	6.174609602	3.88	11.51	10.49968708	6.139096364	4.4	0.03	bread;hay;	6.0	Blow	4.1	0.5	berries; sour cream;	3.0		4.4	0.6	Hay;Banana;Toasted bread;	3.0		0	0	0	0	0	0	0	1	0	0	0	0	0	0	0	0	0	1	0	0	0	0	0	0	0	0	0	0	0	0	0	0	0	0	0	0	0	0	0	0	0	0	0	0	0	0	0	0	0	0	0	1	0	0	0	0	0	0	0	0	0	0	0	0	0	0	0	0	0	0	0	0	0	0	0	0	0	0	0	1	0	0	0	0	0	0	0	0	0	0	0	0	0	0	1	0	0	0	0	0	0	0	0	0	0	0	0	1	0	0	0	0	0	0	0	0	0	0	0	0	0	0	0	0	0	0	0	1	0	0	0	0	0	0	0	0.0	0.0	0.0	0.0	0.0	0.0	0.0	0.0	0.0	0.0	0.0	0.0	0.0	0.0	0.0	0.0	0.0	0.0	0.0	0.0	0.0	0.0	0.0	0.0	0.0	0.0	1.0	0.0	0.0	1.0	0.0	0.0	0.0	0.0	0.0	0.0	0.0	0.0	0.0	0.0	0.0	0.0	0.0	0.0	0.0	0.0	0.0	0.0	0.0	0.0	0.0	0.0	0.0	1.0	0.0	0.0	0.0	1.0	0.0	1.0	0.0	0.0	0.0	1.0	0.0	0.0	1.0	0.0	0.0	1.0	0.0	1.0	1.6	3.73	0.0	0.0	0.0	0.0	0.0	2.0	0.0	0.0	0.0	0.0	0.0	1.0	1.0
1719	6.24.24 21:12:34	6.24.24 21:21:16	sterile	I agree.	no		yes		kitchen counter	22.0			1.0				cat;	yes	yes	yes	1;	kimchi;	1.0	3.0	5.0	0.0	right	F	18.0	no;	none;		47.23202689	8.389797144	apartment	no	500.0	100.0	3.84	10.7			3.95	11.27	10.27126237	7.235528447	3.92	12.61	10.38201704	6.751554645	4.4	0.0	Bread;porridge;yoghurt;sweaty feet;	5.0	-	4.4	1.2	Grainfield;Smoked;Toasted bread;Mature hard cheese;	7.0		5.1		Chickpeas;Lactic acid;Mature hard cheese;Capers;Sweaty feet;	8.0		0	0	0	0	0	0	0	1	0	0	0	0	0	0	0	0	0	0	0	0	0	0	0	0	0	0	0	0	1	0	0	0	0	0	0	1	0	0	0	0	0	0	0	0	1	0	0	0	0	0	0	0	0	0	0	0	0	0	0	0	0	1	0	0	0	0	1	0	0	0	0	0	0	0	0	0	0	1	0	0	0	0	1	0	0	0	0	0	0	0	0	0	0	0	0	0	0	0	0	0	1	0	1	0	0	0	0	0	0	1	0	1	0	0	0	0	0	0	0	0	0	0	0	0	0	1	0	0	0	0	0	0	0	0	0	0.0	0.0	0.0	0.0	0.0	0.0	0.0	0.0	0.0	0.0	0.0	0.0	0.0	0.0	0.0	0.0	0.0	0.0	0.0	0.0	0.0	0.0	0.0	0.0	0.0	0.0	0.0	1.0	1.0	0.0	0.0	0.0	0.0	0.0	0.0	0.0	0.0	0.0	0.0	0.0	0.0	0.0	0.0	0.0	0.0	0.0	0.0	0.0	0.0	0.0	0.0	0.0	0.0	1.0	0.0	0.0	0.0	0.0	0.0	1.0	0.0	0.0	0.0	0.0	0.0	0.0	1.0	0.0	1.0	0.0	1.0	0.0	1.4	3.86	0.0	0.0	0.0	0.0	0.0	2.0	0.0	0.0	0.0	0.0	0.0	1.0	0.0
1720	6.24.24 21:06:35	6.24.24 21:08:13	sterile	I agree.	no		yes		kitchen counter	22.0			1.0				cat;	yes	yes	yes	13;20;	none;	2.0	4.0	3.0	1.0	right	F	18.0	no;	none;		47.30810313	8.255448075	detached house	yes	10.0	1000.0	3.7	13.65	10.75511227	5.174025724	3.63	16.7	9.899519858	5.981486233	3.96	10.59	10.5575072	6.491876999	4.4	0.3	Vegetable;Damp wood;Yeast;Sour cream;Lactic acid;	7.0		4.4	0.5	Grainfield;Vegetable;Lactic Acid;Sour Cream;Yeast;Farm;	6.0		4.4	0.4	Grain field;Vegetable;Smoked;Lactic acid;Sour cream;Yeast;Damp wood;	5.0		0	0	0	0	0	0	0	0	0	0	0	0	0	0	0	0	0	0	0	1	0	0	1	0	0	0	0	0	0	0	0	0	0	0	1	0	0	0	0	0	1	0	0	1	0	0	0	0	0	0	0	0	0	0	0	0	0	0	0	1	0	1	0	0	1	0	0	0	0	0	0	0	0	0	0	0	0	0	0	1	0	0	0	0	0	1	0	0	1	0	0	0	0	0	0	0	0	0	0	0	0	0	0	0	0	0	1	0	0	1	0	0	1	0	0	0	0	0	0	0	0	0	1	0	1	0	0	0	0	0	1	0	0	1	0	0.0	0.0	0.0	0.0	0.0	0.0	1.0	0.0	1.0	0.0	0.0	0.0	0.0	0.0	1.0	0.0	0.0	0.0	0.0	0.0	0.0	0.0	0.0	0.0	0.0	0.0	0.0	0.0	0.0	0.0	0.0	0.0	0.0	0.0	0.0	0.0	0.0	1.0	0.0	0.0	0.0	0.0	0.0	0.0	1.0	0.0	0.0	0.0	0.0	0.0	0.0	1.0	1.0	0.0	0.0	0.0	0.0	0.0	1.0	0.0	0.0	0.0	1.0	0.0	0.0	0.0	0.0	1.0	0.0	0.0	0.0	1.0	0.8	3.76	1.0	1.0	1.0	0.0	0.0	0.0	0.0	1.0	1.0	0.0	0.0	2.0	0.0
1721	6.20.24 10:38:16	6.20.24 10:43:10	sterile	I agree.	no		no		kitchen counter	20.0	1.0						none;	yes	yes	yes	23;	kombucha;	1.0	3.0	6.0	1.0	right	M	19.0	no;	antibiotic cream;disinfectant cream;		47.34671091	8.255943945	townhouse	yes	10.0	500.0	3.66	14.31	10.30525777	6.255272505	3.84	14.9	10.11785114	7.113943352	3.89	11.27	10.49968708	7.209731384	4.4	0.8	porridge;lactic acid;yeast;	5.0		4.2	1.2	grain field;porridge;lactic acid;sour cream;yeast;	4.0	Air bubbles form on the surface	3.9	1.6	Hay;Whole grain;Lactic acid;Butyric acid;Animal feed;	5.0	There were fruit flies inside	0	0	0	0	0	0	0	0	0	0	0	0	0	0	0	0	0	0	0	1	0	0	0	0	0	0	0	0	1	0	0	0	0	0	0	0	0	0	0	0	0	0	0	1	0	0	0	0	0	0	0	0	0	0	0	0	0	0	0	0	0	1	0	0	1	0	0	0	0	0	0	0	0	1	0	0	0	0	0	1	0	0	0	0	0	0	0	0	1	0	0	1	0	0	0	0	0	0	0	1	0	0	0	0	0	0	0	1	0	1	0	0	0	0	0	0	0	0	0	0	0	0	0	0	0	0	0	0	0	0	0	0	1	0	0	0.0	0.0	0.0	0.0	0.0	0.0	0.0	0.0	0.0	0.0	0.0	1.0	0.0	1.0	0.0	1.0	0.0	0.0	0.0	0.0	0.0	0.0	0.0	0.0	0.0	0.0	0.0	0.0	0.0	0.0	0.0	0.0	0.0	0.0	0.0	0.0	0.0	0.0	0.0	0.0	0.0	0.0	0.0	0.0	0.0	0.0	0.0	0.0	1.0	0.0	1.0	0.0	0.0	0.0	0.0	0.0	0.0	0.0	1.0	0.0	0.0	0.0	0.0	0.0	0.0	0.0	0.0	0.0	0.0	0.0	0.0	0.0	0.0	3.73	0.0	0.0	3.0	0.0	0.0	0.0	0.0	0.0	0.0	0.0	2.0	0.0	0.0
1722	6.24.24 21:06:18	6.24.24 21:10:03	sterile	I agree.	no		no		kitchen counter	21.0	1.0						none;	yes	yes	yes	13;16;	none;	5.0	1.0	5.0	2.0	right	F	18.0	no;	none;		47.36518422	8.228763784	apartment	no	50.0	100.0	3.57	17.48	10.77011529	6.380211242	3.79	25.9	9.838801463	3.602059991	3.82	13.72	10.32633586	2.903089987																0	0	0	0	0	0	0	0	0	0	0	0	0	0	0	0	0	0	0	0	0	0	0	0	0	0	0	0	0	0	0	0	0	0	0	0	0	0	0	0	0	0	0	0	0	0	0	0	0	0	0	0	0	0	0	0	0	0	0	0	0	0	0	0	0	0	0	0	0	0	0	0	0	0	0	0	0	0	0	0	0	0	0	0	0	0	0	0	0	0	0	0	0	0	0	0	0	0	0	0	0	0	0	0	0	0	0	0	0	0	0	0	0	0	0	0	0	0	0	0	0	0	0	0	0	0	0	0	0	0	0	0	0	0	0	0.0	0.0	0.0	0.0	0.0	0.0	0.0	0.0	0.0	0.0	0.0	0.0	0.0	0.0	0.0	0.0	0.0	0.0	0.0	0.0	0.0	1.0	0.0	1.0	0.0	0.0	0.0	0.0	1.0	1.0	0.0	0.0	0.0	0.0	0.0	0.0	1.0	0.0	0.0	0.0	0.0	0.0	0.0	0.0	0.0	0.0	0.0	0.0	0.0	0.0	0.0	0.0	0.0	0.0	0.0	0.0	0.0	0.0	1.0	0.0	0.0	0.0	1.0	0.0	0.0	0.0	0.0	0.0	0.0	1.0	1.0	0.0	0.5	3.77	0.0	0.0	0.0	0.0	2.0	2.0	0.0	1.0	0.0	0.0	0.0	0.0	0.0
1723	6.18.24 21:50:12	6.18.24 21:54:25	sterile	I agree.	no		yes	4.13.2024	fermentation chamber	22.0				1.0	1.0		dog;turtles;	yes	no	yes	21;	none;	2.0	10.0	8.0	1.0	right	M	19.0	sprain;	none;		47.35343689	8.284378045	apartment	yes	100.0	100.0	3.72	10.22	10.58883173	4.877946952	3.93	15.57	10.23400885	5.77815125	4.03	11.51	10.20139712	6.240426473																0	0	0	0	0	0	0	0	0	0	0	0	0	0	0	0	0	0	0	0	0	0	0	0	0	0	0	0	0	0	0	0	0	0	0	0	0	0	0	0	0	0	0	0	0	0	0	0	0	0	0	0	0	0	0	0	0	0	0	0	0	0	0	0	0	0	0	0	0	0	0	0	0	0	0	0	0	0	0	0	0	0	0	0	0	0	0	0	0	0	0	0	0	0	0	0	0	0	0	0	0	0	0	0	0	0	0	0	0	0	0	0	0	0	0	0	0	0	0	0	0	0	0	0	0	0	0	0	0	0	0	0	0	0	0	0.0	1.0	0.0	1.0	0.0	0.0	0.0	0.0	0.0	0.0	0.0	0.0	0.0	0.0	0.0	0.0	0.0	0.0	0.0	0.0	0.0	0.0	0.0	0.0	0.0	0.0	0.0	0.0	1.0	1.0	0.0	0.0	0.0	0.0	0.0	1.0	0.0	0.0	1.0	0.0	0.0	0.0	0.0	0.0	0.0	0.0	0.0	0.0	0.0	0.0	0.0	0.0	0.0	0.0	0.0	0.0	0.0	0.0	1.0	0.0	0.0	0.0	0.0	0.0	0.0	0.0	1.0	1.0	0.0	0.0	0.0	1.0	1.0	3.86	2.0	0.0	0.0	0.0	0.0	2.0	1.0	1.0	0.0	0.0	0.0	0.0	0.0
1724	6.25.24 21:09:52	6.25.24 21:13:50	sterile	I agree.	no		yes	5.16.2024	bedroom	21.0	1.0						none;	yes	yes	yes	14;	none;	2.0	4.0	5.0	2.0	right	F	20.0	no;	none;	I often disinfect my hands out of habit.	47.34760903	8.289553975	apartment	yes	500.0	1500.0	3.62	14.44	10.16286719	6.826074803	3.67	14.78	10.23996315	6.356161856	3.79	15.44	10.3539688	5.083630114																0	0	0	0	0	0	0	0	0	0	0	0	0	0	0	0	0	0	0	0	0	0	0	0	0	0	0	0	0	0	0	0	0	0	0	0	0	0	0	0	0	0	0	0	0	0	0	0	0	0	0	0	0	0	0	0	0	0	0	0	0	0	0	0	0	0	0	0	0	0	0	0	0	0	0	0	0	0	0	0	0	0	0	0	0	0	0	0	0	0	0	0	0	0	0	0	0	0	0	0	0	0	0	0	0	0	0	0	0	0	0	0	0	0	0	0	0	0	0	0	0	0	0	0	0	0	0	0	0	0	0	0	0	0	0	0.0	0.0	0.0	0.0	0.0	0.0	0.0	0.0	0.0	0.0	0.0	0.0	0.0	0.0	1.0	0.0	0.0	0.0	0.0	0.0	0.0	1.0	1.0	1.0	0.0	0.0	0.0	0.0	0.0	0.0	0.0	1.0	1.0	0.0	0.0	0.0	0.0	0.0	0.0	0.0	0.0	0.0	0.0	0.0	0.0	0.0	0.0	0.0	0.0	0.0	0.0	0.0	0.0	0.0	0.0	0.0	0.0	0.0	1.0	0.0	0.0	0.0	0.0	0.0	0.0	0.0	1.0	1.0	0.0	0.0	0.0	1.0	0.6	3.86	0.0	0.0	1.0	0.0	3.0	0.0	2.0	0.0	0.0	0.0	0.0	0.0	0.0
1725	06.09.2024 13:21	06.09.2024 13:25	sterile	I agree.	yes	06.03.2024	yes	02.05.2024	kitchen counter	22.0	1.0						none;	yes	no	yes	21;	kombucha;kefir;ginger beer;	0.0	2.0	5.0	0.0	right	F	25.0	no;	none;	Work with fermentations daily	47.38283217	8.553007975	apartment	no	1500.0	1500.0	3.84	8.06	10.80345712	2.84509804	3.88	13.49	10.14759797	6.929418926	3.77	17.02	10.06818586	6.641396919	4.4	0.5	Grainfield;Vegetable;Unripe fruits;Yogurt;	9.0	Relatively liquid, lots of small bubbles (very airy but volume hasn't increased much)	4.4	1.5	Vegetable;Unripe fruits;Lactic acid;Buttermilk;Vinegar;Pickled vegetables;	9.0		4.4	2.5	Vegetable;Unripe fruits;Lactic acid;	9.0	Opened massively, big bubbles	0	0	0	0	0	0	0	0	0	0	0	0	0	0	0	0	1	0	0	0	0	0	0	0	0	0	0	0	0	0	0	0	0	0	0	0	0	0	1	0	1	0	0	0	1	0	0	0	0	0	0	0	0	1	0	0	0	0	0	0	0	0	0	0	1	0	0	0	0	0	0	1	0	0	0	0	0	0	0	0	0	0	0	1	0	1	1	0	0	0	0	0	0	0	0	0	0	0	0	0	0	0	0	0	0	0	0	0	0	1	0	0	0	0	0	0	0	0	0	0	0	0	0	0	0	0	0	0	1	0	1	0	0	0	0	1.0	0.0	0.0	0.0	0.0	0.0	0.0	0.0	1.0	0.0	0.0	0.0	0.0	0.0	1.0	1.0	0.0	0.0	0.0	0.0	0.0	0.0	0.0	0.0	0.0	0.0	0.0	0.0	0.0	0.0	0.0	0.0	1.0	0.0	0.0	0.0	0.0	0.0	0.0	0.0	0.0	0.0	0.0	0.0	0.0	0.0	0.0	0.0	0.0	0.0	0.0	0.0	0.0	0.0	0.0	0.0	0.0	0.0	1.0	0.0	0.0	0.0	0.0	0.0	0.0	0.0	1.0	0.0	1.0	0.0	0.0	1.0	1.3	3.74	1.0	1.0	2.0	0.0	0.0	0.0	1.0	0.0	0.0	0.0	0.0	0.0	0.0
1726	06.08.2024 14:28	06.08.2024 14:33	sterile	I agree.	no		no		kitchen counter	21.0	1.0						none;	yes	yes	no		water kefir;	0.0	0.0	6.0	0.0	right	M	27.0	no;	none;	my phd is on sourdough	47.38534588	8.54863486	apartment	no	1500.0	1500.0	3.64	13.44	10.41626519	5.059672337	3.8	16.1	10.26700634	6.463756376	3.88	12.18	10.45331834	7.108217815	4.6	1.0	bread;grain field;buttermilk;yeast;caramel;	7.0	remains unchanged sensorially from Day 0	4.3		Bread;Hazelnut;Caramel;Buttermilk;	7.0	it still smells the same as the one from Day 7. which is to say, very pleasant (buttery almost) and i would eat the starter raw if i could						0	0	0	0	0	0	0	1	1	0	0	1	0	0	0	0	1	0	0	0	0	0	0	0	0	0	0	0	0	0	0	0	0	0	0	0	0	0	0	0	0	0	0	1	0	0	0	0	0	0	0	0	1	1	0	0	1	0	0	0	0	0	0	1	0	0	0	0	0	0	0	0	0	0	0	0	0	0	0	0	0	0	0	0	0	0	0	0	0	0	0	0	0	0	0	0	0	0	0	0	0	0	0	0	0	0	0	0	0	0	0	0	0	0	0	0	0	0	0	0	0	0	0	0	0	0	0	0	0	0	0	0	0	0	0	0.0	0.0	0.0	0.0	0.0	0.0	0.0	0.0	0.0	0.0	0.0	0.0	0.0	0.0	0.0	0.0	0.0	0.0	0.0	0.0	0.0	0.0	0.0	0.0	0.0	0.0	0.0	0.0	0.0	0.0	0.0	0.0	0.0	0.0	0.0	0.0	0.0	0.0	0.0	0.0	0.0	0.0	0.0	1.0	1.0	0.0	0.0	0.0	0.0	0.0	0.0	0.0	0.0	0.0	0.0	0.0	0.0	0.0	1.0	0.0	0.0	0.0	1.0	0.0	1.0	0.0	0.0	1.0	0.0	0.0	1.0	0.0	1.6	3.76	0.0	0.0	0.0	0.0	0.0	0.0	0.0	0.0	2.0	0.0	0.0	0.0	0.0
1801	6.20.24 10:36:45	6.20.24 10:41:46	non-sterile	I agree.	no		yes		kitchen counter	22.0	1.0						none;	yes	yes	yes	16;	kimchi;	0.0	3.0	3.0	1.0	right	F	18.0	no;	none;	Club gymnastics contact with lots of sweating people and children	47.30224955	8.390440229	detached house	yes	50.0	500.0	3.64	12.91	10.74818803	6.137794523	3.64	19.12	10.24474763	6.897627091					4.2	0.4	bread;porridge;lactic acid;yoghurt;	6.0		4.4	0.5	Vinegar;	6.0							0	0	0	0	0	0	0	1	0	0	0	0	0	0	0	0	0	0	0	1	0	0	0	0	0	0	0	0	1	0	0	0	0	0	0	0	0	0	0	0	0	0	0	0	1	0	0	0	0	0	0	0	0	0	0	0	0	0	0	0	0	0	0	0	0	0	0	0	0	0	0	0	0	0	0	0	0	0	0	0	0	0	0	0	0	0	1	0	0	0	0	0	0	0	0	0	0	0	0	0	0	0	0	0	0	0	0	0	0	0	0	0	0	0	0	0	0	0	0	0	0	0	0	0	0	0	0	0	0	0	0	0	0	0	0																																																																																							
1802	6.18.24 17:33:07	6.18.24 17:36:45	non-sterile	I agree.	yes	06.01.2020	yes	05.02.2024	kitchen counter	23.0				1.0			dog;	yes	no	yes	17;	none;	2.0	5.0	2.0	1.0	right	F	18.0	no;	none;	My dog, on the train and at the station (touch the area)	47.1510313	8.391475344	detached house	yes	10.0	50.0	3.61	18.35	10.84633711	6.558820937	3.7	17.15	10.02283989	6.990800471	3.95	11.6	10.30823376	6.946511765	4.4	0.3	vinegar;capers;	5.0		4.2	0.0	Vinegar;	5.0		4.2	1.0	vinegar;beer;	5.0		0	0	0	0	0	0	0	0	0	0	1	0	0	0	0	0	0	0	0	0	0	0	0	0	0	0	0	0	0	0	0	0	0	0	0	0	0	0	0	0	0	1	0	0	0	0	0	0	0	0	0	0	0	0	0	0	0	0	0	0	0	0	0	0	0	0	0	0	0	0	0	0	0	0	0	0	0	0	0	0	0	0	0	0	0	0	1	0	0	0	0	0	0	0	0	1	0	0	0	0	0	0	0	0	0	0	0	0	0	0	0	0	0	0	0	0	0	0	0	0	0	0	0	0	0	0	0	0	0	0	0	1	0	0	0	0.0	0.0	0.0	0.0	0.0	0.0	0.0	0.0	0.0	0.0	0.0	0.0	0.0	0.0	0.0	0.0	0.0	0.0	0.0	0.0	0.0	1.0	0.0	0.0	0.0	0.0	0.0	0.0	0.0	0.0	1.0	0.0	0.0	0.0	0.0	0.0	0.0	0.0	0.0	0.0	0.0	0.0	0.0	1.0	0.0	0.0	0.0	0.0	0.0	0.0	0.0	0.0	0.0	0.0	0.0	0.0	0.0	0.0	1.0	0.0	0.0	0.0	1.0	0.0	0.0	0.0	0.0	1.0	0.0	0.0	1.0	0.0	0.6	3.86	0.0	0.0	0.0	0.0	1.0	1.0	0.0	0.0	1.0	0.0	0.0	0.0	0.0
1803			non-sterile																									M											3.71	14.8	10.78103694	6.745516151	3.7	16.73	10.80262963	6.781739593	4.0	13.9	10.1610986	6.799527892																0	0	0	0	0	0	0	0	0	0	0	0	0	0	0	0	0	0	0	0	0	0	0	0	0	0	0	0	0	0	0	0	0	0	0	0	0	0	0	0	0	0	0	0	0	0	0	0	0	0	0	0	0	0	0	0	0	0	0	0	0	0	0	0	0	0	0	0	0	0	0	0	0	0	0	0	0	0	0	0	0	0	0	0	0	0	0	0	0	0	0	0	0	0	0	0	0	0	0	0	0	0	0	0	0	0	0	0	0	0	0	0	0	0	0	0	0	0	0	0	0	0	0	0	0	0	0	0	0	0	0	0	0	0	0	0.0	0.0	0.0	0.0	1.0	0.0	0.0	0.0	0.0	0.0	0.0	0.0	1.0	0.0	0.0	0.0	0.0	0.0	0.0	0.0	0.0	0.0	0.0	0.0	0.0	0.0	0.0	0.0	0.0	0.0	0.0	0.0	0.0	0.0	0.0	0.0	0.0	0.0	0.0	0.0	0.0	0.0	0.0	0.0	1.0	0.0	0.0	0.0	0.0	0.0	0.0	0.0	1.0	0.0	0.0	0.0	0.0	0.0	1.0	0.0	0.0	0.0	0.0	0.0	0.0	0.0	1.0	0.0	0.0	1.0	0.0	1.0	1.0	3.74	1.0	0.0	1.0	0.0	0.0	0.0	0.0	0.0	1.0	0.0	0.0	1.0	0.0
1804	6.20.24 10:28:36	6.20.24 10:37:27	non-sterile	I agree.	yes		yes		warm place	23.0	1.0						none;	no		yes	21;	none;	2.0	5.0	5.0	2.0	right	F	19.0	cut(s);	disinfectant cream;		47.3502646	8.336552475	detached house	yes	1500.0	1500.0	3.7	17.12	10.67209786	6.413370909	3.7	18.51	10.70891138	6.676052057	3.74	22.6	10.0306092	5.317762589	4.1	0.8	lactic acid; vinegar; butyric acid;	7.0		4.4	0.6	Yeast;Alcoholic;	5.0							0	0	0	0	0	0	0	0	0	1	0	0	0	0	0	0	0	0	0	1	0	0	0	0	0	0	0	0	0	0	0	0	0	0	0	0	0	0	0	0	0	1	0	0	0	1	0	0	0	0	0	0	0	0	0	0	0	0	0	0	0	0	0	0	0	0	0	0	0	0	0	0	0	0	0	0	0	0	0	0	0	0	0	0	0	0	0	0	1	0	0	0	0	0	0	0	0	0	0	0	0	0	0	0	0	0	0	0	0	0	0	0	0	0	0	0	0	0	0	0	0	0	0	0	0	0	0	0	0	0	0	0	0	0	0	0.0	0.0	1.0	0.0	0.0	1.0	0.0	0.0	0.0	0.0	0.0	1.0	0.0	0.0	0.0	1.0	0.0	1.0	0.0	0.0	0.0	0.0	0.0	0.0	0.0	0.0	0.0	0.0	0.0	1.0	0.0	0.0	0.0	0.0	0.0	0.0	0.0	0.0	1.0	0.0	0.0	0.0	0.0	0.0	0.0	0.0	0.0	0.0	0.0	0.0	0.0	0.0	0.0	0.0	0.0	0.0	0.0	0.0	1.0	0.0	0.0	0.0	0.0	0.0	0.0	1.0	0.0	0.0	1.0	0.0	1.0	0.0	0.4	3.81	2.0	0.0	2.0	1.0	0.0	1.0	0.0	1.0	0.0	0.0	0.0	0.0	0.0
1805			non-sterile																									F											3.63	18.0	10.74036269	6.510508599	3.73	17.25	10.51982799	6.507844412																				0	0	0	0	0	0	0	0	0	0	0	0	0	0	0	0	0	0	0	0	0	0	0	0	0	0	0	0	0	0	0	0	0	0	0	0	0	0	0	0	0	0	0	0	0	0	0	0	0	0	0	0	0	0	0	0	0	0	0	0	0	0	0	0	0	0	0	0	0	0	0	0	0	0	0	0	0	0	0	0	0	0	0	0	0	0	0	0	0	0	0	0	0	0	0	0	0	0	0	0	0	0	0	0	0	0	0	0	0	0	0	0	0	0	0	0	0	0	0	0	0	0	0	0	0	0	0	0	0	0	0	0	0	0	0																																																																																							
1806	6.19.24 10:41:02	6.19.24 12:47:04	non-sterile	I agree.	no		yes	12.01.2024	kitchen counter	24.0	1.0						none;	yes	yes	yes	15;	none;	2.0	3.0	4.0	1.0	right	F	18.0	no;	none;	-	47.35898915	8.275592675	apartment	no	50.0	1000.0	3.75	15.16	10.82736927	7.105255506	3.71	15.8	10.42529708	5.477121255	3.61	18.7	10.05220746	6.439256055	4.7	1.6	Sauerrahm;	8.0		4.1	1.2	Alcoholic;Beer;	9.0		4.4	1.2	lactic acid;	8.0		0	0	0	0	0	0	0	0	0	0	0	0	0	0	0	0	0	0	0	0	0	0	0	0	0	0	0	0	0	0	0	0	0	0	1	0	0	0	0	0	0	0	0	0	0	1	0	0	0	0	1	0	0	0	0	0	0	0	0	0	0	0	0	0	0	0	0	0	0	0	0	0	0	0	0	0	0	0	0	0	0	0	0	0	0	0	0	0	0	0	0	0	0	0	0	0	0	0	0	0	0	0	0	0	0	0	0	0	0	1	0	0	0	0	0	0	0	0	0	0	0	0	0	0	0	0	0	0	0	0	0	0	0	0	0	0.0	0.0	0.0	0.0	0.0	0.0	0.0	0.0	0.0	0.0	0.0	0.0	0.0	0.0	0.0	1.0	0.0	0.0	0.0	0.0	0.0	1.0	0.0	0.0	0.0	0.0	1.0	1.0	1.0	0.0	0.0	0.0	0.0	0.0	0.0	0.0	0.0	0.0	0.0	0.0	0.0	0.0	0.0	0.0	1.0	0.0	0.0	0.0	0.0	0.0	0.0	0.0	0.0	0.0	0.0	0.0	0.0	0.0	0.0	1.0	0.0	0.0	1.0	1.0	0.0	0.0	0.0	0.0	0.0	1.0	0.0	1.0	0.9	3.73	0.0	0.0	1.0	0.0	1.0	3.0	0.0	0.0	1.0	0.0	0.0	0.0	0.0
1807	6.18.24 22:19:14	6.18.24 22:22:50	non-sterile	I agree.	no		no		kitchen counter	23.0	1.0						none;	no		yes	15;	none;	1.0	5.0	3.0	0.0	right	M	18.0	no;	disinfectant cream;		47.26173815	8.374132213	detached house	yes	50.0	100.0					3.73	15.56	10.47712125	6.477121255	3.82	17.3	9.947060415	6.520986747						4.5	5.0	Vinegar;Mature hard cheese;Whole grain;Bread;Animal feed;Butyric acid;Yeast;	8.0		4.5	2.5	Bread;Oatmeal;Lactic acid;Buttermilk;Mature hard cheese;Yeast;Vinegar;Butyric acid;Animal feed;Farm;	8.0		0	0	0	0	0	0	0	0	0	0	0	0	0	0	0	0	0	0	0	0	0	0	0	0	0	0	0	0	0	0	0	0	0	0	0	0	0	0	0	0	0	0	0	0	0	0	1	0	0	0	0	0	1	0	1	0	0	0	0	0	0	0	0	0	0	0	1	0	0	0	0	0	0	0	0	0	0	0	0	0	0	0	0	0	0	0	1	1	1	0	0	1	0	0	0	0	0	1	1	1	0	0	0	0	1	0	0	0	0	1	0	1	0	0	0	0	0	0	1	0	0	0	0	0	0	0	0	0	0	0	0	1	0	1	0	0.0	0.0	0.0	0.0	1.0	0.0	0.0	0.0	1.0	0.0	0.0	0.0	1.0	0.0	0.0	0.0	0.0	0.0	0.0	0.0	0.0	0.0	0.0	0.0	0.0	0.0	0.0	0.0	1.0	0.0	0.0	0.0	0.0	0.0	0.0	0.0	0.0	0.0	0.0	0.0	0.0	0.0	0.0	0.0	0.0	0.0	0.0	0.0	0.0	0.0	0.0	0.0	0.0	1.0	0.0	0.0	0.0	0.0	1.0	0.0	0.0	0.0	1.0	0.0	0.0	0.0	0.0	0.0	1.0	0.0	1.0	0.0	1.1	3.77	1.0	1.0	1.0	0.0	0.0	1.0	0.0	0.0	0.0	0.0	0.0	1.0	0.0
1808	6.20.24 7:16:42	6.20.24 7:21:02	non-sterile	I agree.	no		yes		kitchen counter	24.0			1.0				cat;	yes	yes	yes	12;	none;	1.0	6.0	2.0	0.0	right	M	18.0	no;	none;		47.34910397	8.35616796	apartment	no	50.0	100.0	3.77	15.5	10.5289167	6.864071381	3.89	15.79	10.39012721	3.477121255					4.4	0.4	Sweaty Feet;Farm;	6.0												0	0	0	0	0	0	0	0	0	0	0	0	0	0	1	0	0	0	0	0	0	0	0	0	0	0	0	0	0	0	0	0	0	0	0	1	0	0	0	0	0	0	0	0	0	0	0	0	0	0	0	0	0	0	0	0	0	0	0	0	0	0	0	0	0	0	0	0	0	0	0	0	0	0	0	0	0	0	0	0	0	0	0	0	0	0	0	0	0	0	0	0	0	0	0	0	0	0	0	0	0	0	0	0	0	0	0	0	0	0	0	0	0	0	0	0	0	0	0	0	0	0	0	0	0	0	0	0	0	0	0	0	0	0	0																																																																																							
1809			non-sterile																									F															3.83	10.75	10.49276039	7.23299611	3.9	10.2	10.42313871	7.198613541	4.1	0.7	Vinegar;Red Wine;Yeast;Pickled Vegetables;Sweaty Feet;	9.0	It rose quickly.	4.4	0.5	Oatmeal;Whole grains;Grain field;Lactic acid;Yogurt;Buttermilk;Sour cream;Alcoholic;Yeast;Beer;Red wine;Vinegar;Urine;	9.0		4.2	0.8	Adhesive;Paint;Animal stable;Butyric acid;Lemon;Vinegar;Red wine;Beer;Yeast;Berries;Corn;	10.0		0	0	0	0	0	0	0	0	0	0	0	0	0	0	0	0	0	0	0	0	0	0	0	0	0	0	1	0	0	1	0	0	0	0	0	1	0	0	0	0	0	1	0	1	0	1	0	0	0	0	1	0	0	1	0	0	0	0	0	0	0	1	0	0	1	0	0	0	0	0	0	0	0	1	1	0	0	0	0	1	0	0	0	0	1	0	1	1	1	1	0	0	1	0	0	1	1	0	0	1	0	0	0	1	0	1	0	0	0	0	1	0	0	0	1	0	0	0	0	1	0	0	0	0	0	0	0	0	0	0	0	1	0	1	0	0.0	0.0	0.0	0.0	0.0	0.0	0.0	1.0	0.0	1.0	0.0	0.0	0.0	0.0	0.0	0.0	0.0	0.0	0.0	0.0	0.0	0.0	0.0	1.0	0.0	0.0	0.0	0.0	0.0	0.0	0.0	1.0	1.0	0.0	1.0	1.0	0.0	0.0	0.0	0.0	0.0	0.0	1.0	1.0	1.0	0.0	0.0	0.0	0.0	0.0	0.0	0.0	0.0	0.0	0.0	0.0	0.0	0.0	1.0	0.0	0.0	0.0	1.0	0.0	0.0	0.0	0.0	1.0	0.0	0.0	0.0	1.0	0.7	3.75	0.0	2.0	0.0	0.0	1.0	0.0	4.0	0.0	3.0	0.0	0.0	0.0	0.0
1810			non-sterile																									M											4.0	10.2	10.66838592	7.51851394	3.93	14.38	10.5691964	3.775707989	4.34	6.6	10.64345268	3.301029996	4.4	1.5	Bread;Vegetable;	10.0												0	0	0	0	0	0	0	1	0	0	0	0	0	0	0	0	0	0	0	0	0	0	0	0	0	0	0	0	0	0	0	0	0	0	0	0	0	0	0	0	1	0	0	0	0	0	0	0	0	0	0	0	0	0	0	0	0	0	0	0	0	0	0	0	0	0	0	0	0	0	0	0	0	0	0	0	0	0	0	0	0	0	0	0	0	0	0	0	0	0	0	0	0	0	0	0	0	0	0	0	0	0	0	0	0	0	0	0	0	0	0	0	0	0	0	0	0	0	0	0	0	0	0	0	0	0	0	0	0	0	0	0	0	0	0	0.0	0.0	0.0	0.0	1.0	0.0	1.0	0.0	0.0	0.0	1.0	0.0	0.0	0.0	0.0	0.0	0.0	0.0	0.0	0.0	0.0	0.0	0.0	0.0	0.0	0.0	0.0	0.0	0.0	0.0	0.0	1.0	1.0	0.0	1.0	0.0	1.0	0.0	0.0	0.0	0.0	0.0	0.0	0.0	0.0	0.0	0.0	0.0	0.0	0.0	0.0	0.0	0.0	0.0	0.0	0.0	0.0	0.0	1.0	0.0	0.0	0.0	1.0	0.0	0.0	0.0	0.0	1.0	0.0	0.0	0.0	1.0	1.0	3.71	2.0	1.0	0.0	0.0	0.0	0.0	3.0	1.0	0.0	0.0	0.0	0.0	0.0
1811			non-sterile																									M											3.75	14.46	10.54406804	6.793501178	3.78	14.62	10.45372683	7.096509295	3.87	17.8	10.41160611	6.708365011																0	0	0	0	0	0	0	0	0	0	0	0	0	0	0	0	0	0	0	0	0	0	0	0	0	0	0	0	0	0	0	0	0	0	0	0	0	0	0	0	0	0	0	0	0	0	0	0	0	0	0	0	0	0	0	0	0	0	0	0	0	0	0	0	0	0	0	0	0	0	0	0	0	0	0	0	0	0	0	0	0	0	0	0	0	0	0	0	0	0	0	0	0	0	0	0	0	0	0	0	0	0	0	0	0	0	0	0	0	0	0	0	0	0	0	0	0	0	0	0	0	0	0	0	0	0	0	0	0	0	0	0	0	0	0	0.0	0.0	0.0	0.0	0.0	0.0	0.0	0.0	0.0	0.0	0.0	0.0	0.0	0.0	0.0	0.0	0.0	0.0	0.0	0.0	0.0	0.0	0.0	0.0	0.0	0.0	1.0	0.0	0.0	0.0	0.0	0.0	0.0	0.0	0.0	0.0	0.0	0.0	0.0	0.0	0.0	1.0	0.0	1.0	1.0	0.0	0.0	0.0	1.0	0.0	0.0	0.0	0.0	0.0	0.0	1.0	0.0	0.0	0.0	1.0	0.0	0.0	0.0	1.0	0.0	0.0	0.0	0.0	1.0	0.0	0.0	1.0	0.9	3.7	0.0	0.0	0.0	0.0	0.0	1.0	0.0	0.0	3.0	0.0	1.0	1.0	0.0
1812	6.18.24 22:41:40	6.18.24 22:46:51	non-sterile	I agree.	no		yes	1.19.2024	kitchen counter	20.0			1.0				cat;	yes	yes	yes	13;	none;	0.0	3.0	5.0	0.0	right	M	19.0	no;	none;		47.2673951	8.30784516	detached house	yes	500.0	500.0	3.73	14.85	10.81023252	6.729521799	3.7	20.02	10.64066072	7.074772888	4.02	12.8	10.09691001	6.454201959	4.4	1.0	yeast; bread;	5.0		4.6	1.5	Yogurt;	5.0		4.4	1.0	lactic acid;	5.0		0	0	0	0	0	0	0	1	0	0	0	0	0	0	0	0	0	0	0	0	0	0	0	0	0	0	0	0	0	0	0	0	0	0	0	0	0	0	0	0	0	0	0	1	0	0	0	0	0	0	0	0	0	0	0	0	0	0	0	0	0	0	0	0	0	0	0	0	0	0	0	0	0	0	0	0	0	0	0	0	0	0	0	0	0	0	0	0	0	1	0	0	0	0	0	0	0	0	0	0	0	0	0	0	0	0	0	0	0	1	0	0	0	0	0	0	0	0	0	0	0	0	0	0	0	0	0	0	0	0	0	0	0	0	0	0.0	1.0	0.0	1.0	0.0	0.0	0.0	0.0	1.0	0.0	0.0	0.0	0.0	0.0	0.0	1.0	0.0	0.0	0.0	0.0	0.0	0.0	0.0	0.0	0.0	0.0	0.0	0.0	0.0	0.0	0.0	0.0	0.0	0.0	0.0	0.0	0.0	0.0	1.0	0.0	0.0	0.0	0.0	0.0	0.0	0.0	0.0	0.0	0.0	1.0	0.0	0.0	0.0	0.0	0.0	0.0	0.0	0.0	0.0	1.0	0.0	0.0	0.0	0.0	0.0	0.0	1.0	0.0	1.0	0.0	0.0	1.0	1.4	3.72	2.0	1.0	1.0	0.0	0.0	0.0	0.0	1.0	0.0	0.0	1.0	0.0	0.0
1813	6.18.24 14:49:41	6.18.24 14:53:14	non-sterile	I agree.	no		yes	12.14.2023	kitchen counter	23.0	1.0						none;	yes	yes	yes	11;15;	none;	0.0	5.0	3.0	1.0	right	F	18.0	cut(s);	none;	Certainly the bus and the cell phone, which is everywhere and I don't clean it often	47.30148745	8.39089426	detached house	yes	500.0	1000.0	3.69	15.07	10.77378644	6.869267005	3.74	19.1	10.23173454	6.647065022	3.9	15.4	10.25767857	6.155289626	4.1	0.0	Vinegar;	5.0		4.1	0.0	Vinegar;	4.0		4.1	0.1	Vinegar;	4.0	Bubbles formation	0	0	0	0	0	0	0	0	0	0	0	0	0	0	0	0	0	0	0	0	0	0	0	0	0	0	0	0	0	0	0	0	0	0	0	0	0	0	0	0	0	1	0	0	0	0	0	0	0	0	0	0	0	0	0	0	0	0	0	0	0	0	0	0	0	0	0	0	0	0	0	0	0	0	0	0	0	0	0	0	0	0	0	0	0	0	1	0	0	0	0	0	0	0	0	0	0	0	0	0	0	0	0	0	0	0	0	0	0	0	0	0	0	0	0	0	0	0	0	0	0	0	0	0	0	0	0	0	0	0	0	1	0	0	0																																																																																							
1814	6.18.24 18:51:57	6.18.24 18:59:06	non-sterile	I agree.	no		yes	6.14.2024	kitchen counter	21.0			1.0				cat;	yes	yes	yes	17;20;22;24;	none;	0.0	5.0	1.0	0.0	links	F	19.0	combustion(s);	none;	I'm in gymnastics. The bars and mats certainly have a lot of microbes.	47.15134418	8.391426629	detached house	yes	10.0	50.0	3.78	13.75	10.77232171	6.768987287	3.94	12.21	10.59488687	6.1251825	4.07	12.1	9.968482949	6.048027466	4.4	1.5	grain field; yeast;	5.0		4.4	0.1	Yeast;Vinegar;Mold;	5.0		4.4	0.1	lactic acid;yeast;mold;butyric acid;	5.0		0	0	0	0	0	0	0	0	0	0	0	0	0	0	0	0	1	0	0	0	0	0	0	0	0	0	0	0	0	0	0	0	0	0	0	0	0	0	0	0	0	0	0	1	0	0	0	0	0	0	0	0	0	0	0	0	0	0	0	0	0	0	0	0	0	0	0	0	1	0	0	0	0	0	0	0	0	0	0	0	0	0	0	0	0	0	1	0	1	0	0	0	0	0	0	0	0	0	0	1	0	0	0	0	0	0	0	0	0	1	0	0	0	1	0	0	0	0	0	0	0	0	0	0	0	0	0	0	0	0	0	0	0	1	0	0.0	0.0	0.0	0.0	0.0	0.0	0.0	0.0	0.0	0.0	0.0	0.0	0.0	0.0	0.0	0.0	0.0	0.0	0.0	0.0	0.0	0.0	0.0	0.0	0.0	0.0	0.0	0.0	0.0	0.0	0.0	0.0	0.0	0.0	1.0	1.0	0.0	0.0	0.0	1.0	0.0	0.0	1.0	1.0	0.0	0.0	0.0	0.0	0.0	0.0	0.0	0.0	0.0	0.0	0.0	0.0	0.0	0.0	1.0	0.0	0.0	0.0	0.0	0.0	0.0	0.0	1.0	1.0	0.0	0.0	1.0	0.0	0.4	3.79	0.0	0.0	0.0	0.0	0.0	0.0	2.0	1.0	2.0	0.0	0.0	0.0	0.0
1815	6.20.24 10:08:03	6.20.24 10:10:48	non-sterile	I agree.	no		no		kitchen counter	23.0			1.0				cat;	yes	yes	yes	14;	none;	0.0	5.0	2.0	1.0	right	M	18.0	no;	none;		47.29907875	8.228573045	detached house	yes	500.0	500.0	3.66	17.51	10.07918125	6.660481447	3.71	18.65	10.45141465	6.477121255					4.5	1.5	yeast; grain field;	5.0		4.5	1.0	Yeast;	3.0							0	0	0	0	0	0	0	0	0	0	0	0	0	0	0	0	1	0	0	0	0	0	0	0	0	0	0	0	0	0	0	0	0	0	0	0	0	0	0	0	0	0	0	1	0	0	0	0	0	0	0	0	0	0	0	0	0	0	0	0	0	0	0	0	0	0	0	0	0	0	0	0	0	0	0	0	0	0	0	0	0	0	0	0	0	0	0	0	1	0	0	0	0	0	0	0	0	0	0	0	0	0	0	0	0	0	0	0	0	0	0	0	0	0	0	0	0	0	0	0	0	0	0	0	0	0	0	0	0	0	0	0	0	0	0																																																																																							
1816			non-sterile																									M																																						0	0	0	0	0	0	0	0	0	0	0	0	0	0	0	0	0	0	0	0	0	0	0	0	0	0	0	0	0	0	0	0	0	0	0	0	0	0	0	0	0	0	0	0	0	0	0	0	0	0	0	0	0	0	0	0	0	0	0	0	0	0	0	0	0	0	0	0	0	0	0	0	0	0	0	0	0	0	0	0	0	0	0	0	0	0	0	0	0	0	0	0	0	0	0	0	0	0	0	0	0	0	0	0	0	0	0	0	0	0	0	0	0	0	0	0	0	0	0	0	0	0	0	0	0	0	0	0	0	0	0	0	0	0	0																																																																																							
1817	6.18.24 20:39:13	6.18.24 20:45:13	non-sterile	I agree.	no		yes	5.16.2024	kitchen counter	24.0			1.0				cat;	yes	yes	yes	14;16;18;	none;	0.0	5.0	5.0	0.0	right	F	18.0	small scratches from the cat;	none;	Probably rather high. I pet my cats often and I don't usually wash my hands afterwards. I also spend a lot of time outside and the many people (6) who live in our household could increase the diversity even further.	47.37203591	8.305586918	detached house	yes	50.0	500.0	3.69	16.15	9.77263593	6.197451351	3.73	15.48	10.56820172	7.195654406	3.8	16.0	10.39445168	6.620536654	4.4	1.0	Lactic acid;Vinegar;Sour cream;	9.0		4.6	1.5	Lactic acid;Sour cream;Vinegar;	9.0	I forgot to feed him once and after that he suddenly started acting up a lot every day.	4.5	2.0	lactic acid; yoghurt; vinegar;	8.0		0	0	0	0	0	0	0	0	0	0	0	0	0	0	0	0	0	0	0	1	0	0	0	0	0	0	0	0	0	0	0	0	0	0	1	0	0	0	0	0	0	1	0	0	0	0	0	0	0	0	0	0	0	0	0	0	0	0	0	0	0	0	0	0	1	0	0	0	0	0	0	0	0	0	0	0	0	0	0	1	0	0	0	0	0	0	1	0	0	0	0	0	0	0	0	0	0	0	0	0	0	0	0	0	0	0	0	0	0	1	0	0	0	0	0	0	0	0	0	0	0	0	0	0	0	0	0	0	0	0	0	1	0	0	1	0.0	0.0	0.0	0.0	0.0	0.0	0.0	0.0	0.0	1.0	0.0	0.0	0.0	0.0	0.0	0.0	0.0	0.0	0.0	0.0	0.0	0.0	0.0	0.0	0.0	0.0	0.0	0.0	0.0	0.0	0.0	0.0	0.0	0.0	1.0	0.0	0.0	0.0	0.0	0.0	0.0	1.0	0.0	1.0	1.0	0.0	0.0	0.0	0.0	0.0	0.0	0.0	0.0	0.0	0.0	0.0	0.0	0.0	0.0	1.0	0.0	0.0	0.0	1.0	0.0	0.0	0.0	0.0	0.0	1.0	0.0	1.0	2.1	3.75	0.0	1.0	0.0	0.0	0.0	0.0	1.0	0.0	3.0	0.0	0.0	0.0	0.0
1818			non-sterile																									M																			3.96	13.6	9.477121255	6.272890187																0	0	0	0	0	0	0	0	0	0	0	0	0	0	0	0	0	0	0	0	0	0	0	0	0	0	0	0	0	0	0	0	0	0	0	0	0	0	0	0	0	0	0	0	0	0	0	0	0	0	0	0	0	0	0	0	0	0	0	0	0	0	0	0	0	0	0	0	0	0	0	0	0	0	0	0	0	0	0	0	0	0	0	0	0	0	0	0	0	0	0	0	0	0	0	0	0	0	0	0	0	0	0	0	0	0	0	0	0	0	0	0	0	0	0	0	0	0	0	0	0	0	0	0	0	0	0	0	0	0	0	0	0	0	0																																																																																							
1819			non-sterile																									M											3.69	17.73	9.840321361	6.599965749									4.4	0.9	Grain field;Sour cream;Yeast;Vinegar;Mold;Butyric acid;	6.0												0	0	0	0	0	0	0	0	0	1	0	0	0	0	0	0	1	0	0	0	0	0	0	1	0	0	0	0	0	0	0	0	0	0	1	0	0	0	0	0	0	1	0	1	0	0	0	0	0	0	0	0	0	0	0	0	0	0	0	0	0	0	0	0	0	0	0	0	0	0	0	0	0	0	0	0	0	0	0	0	0	0	0	0	0	0	0	0	0	0	0	0	0	0	0	0	0	0	0	0	0	0	0	0	0	0	0	0	0	0	0	0	0	0	0	0	0	0	0	0	0	0	0	0	0	0	0	0	0	0	0	0	0	0	0																																																																																							
1820	6.18.24 13:54:21	6.18.24 13:58:10	non-sterile	I agree.	no		yes	4.24.2024	living room	24.0			1.0				cat;	yes	no	yes	21;24;	none;	1.0	4.0	5.0	1.0	right	F	18.0	cut(s);	none;		47.27347583	8.350490445	detached house	yes	500.0	500.0	3.69	14.08	10.17609126	6.895668799	3.82	11.75	10.34242268	7.238565445	3.91	11.8	10.33445375	7.123851641	4.4	1.7	rice;lactic acid;vinegar;	10.0	Lots of air bubbles when opened (almost bubbles)	4.6	0.1	Grainfield;Vegetable;Apple;Pineapple;Lactic Acid;Yeast;Vinegar;Farm;	10.0		4.4	1.3	Hay;Grain Field;Chickpeas;Lactic Acid;Beer;Synthetic;Paint;	10.0		0	0	0	0	0	0	0	0	0	0	0	0	0	0	0	0	0	0	0	1	0	0	0	0	0	0	0	0	0	0	1	0	0	0	0	0	0	0	0	0	0	1	0	0	0	0	0	0	1	0	0	0	0	0	0	0	0	0	0	1	0	1	0	0	1	0	0	0	0	0	0	0	1	0	0	0	0	0	0	0	0	0	0	0	0	1	1	0	1	0	0	0	0	0	0	1	0	0	0	0	0	0	1	0	0	0	1	1	0	1	0	0	0	0	1	0	0	0	0	0	0	0	0	0	0	0	1	0	0	0	0	0	0	0	0	0.0	0.0	0.0	0.0	0.0	0.0	0.0	0.0	0.0	0.0	0.0	0.0	0.0	0.0	0.0	0.0	0.0	0.0	0.0	0.0	0.0	0.0	0.0	0.0	0.0	0.0	0.0	0.0	1.0	0.0	0.0	0.0	1.0	0.0	0.0	0.0	0.0	0.0	0.0	0.0	0.0	0.0	0.0	1.0	0.0	0.0	0.0	0.0	0.0	0.0	0.0	0.0	0.0	0.0	0.0	0.0	0.0	0.0	1.0	0.0	0.0	0.0	0.0	0.0	0.0	0.0	0.0	0.0	1.0	0.0	0.0	1.0	0.7	3.75	0.0	0.0	0.0	0.0	0.0	1.0	1.0	0.0	1.0	0.0	0.0	0.0	0.0
1821			non-sterile																									M																		6.72427587																				0	0	0	0	0	0	0	0	0	0	0	0	0	0	0	0	0	0	0	0	0	0	0	0	0	0	0	0	0	0	0	0	0	0	0	0	0	0	0	0	0	0	0	0	0	0	0	0	0	0	0	0	0	0	0	0	0	0	0	0	0	0	0	0	0	0	0	0	0	0	0	0	0	0	0	0	0	0	0	0	0	0	0	0	0	0	0	0	0	0	0	0	0	0	0	0	0	0	0	0	0	0	0	0	0	0	0	0	0	0	0	0	0	0	0	0	0	0	0	0	0	0	0	0	0	0	0	0	0	0	0	0	0	0	0																																																																																							
1822	06.09.2024 13:21	06.09.2024 13:25	non-sterile	I agree.	yes	06.03.2024	yes	02.05.2024	kitchen counter	22.0	1.0						none;	yes	no	yes	21;	kombucha;kefir;ginger beer;	0.0	2.0	5.0	0.0	right	F	25.0	no;	none;	Work with fermentations daily	47.38283217	8.553007975	apartment	no	1500.0	1500.0	3.87	8.25	9.653212514	6.307445342	3.84	13.11	10.49112626	6.477121255			10.8900254	6.529309243	4.6	1.1	Grain field;Vegetable;Apple;Lactic acid;Vinegar;Animal stable;	9.0	Very airy, lots of small and a few larger bubbles	4.6	1.8	Vegetable;Unripe fruits;Lactic acid;Yogurt;Buttermilk;Vinegar;Pickled vegetables;	9.0		4.6	2.6	Vegetable;Unripe fruits;Banana;Lactic acid;Vinegar;	9.0	Also opened up massively, big bubbles	0	0	1	1	0	0	0	0	0	0	0	0	0	0	0	0	1	0	0	1	0	0	0	0	0	0	0	0	0	0	0	0	0	0	0	0	0	0	0	0	1	1	0	0	0	0	0	0	0	0	0	0	0	1	0	0	0	0	0	0	0	0	0	0	1	0	0	0	0	0	0	1	0	0	0	0	0	0	0	0	0	0	0	1	0	1	1	0	0	1	0	0	0	0	1	0	0	0	0	0	0	0	0	0	0	0	0	0	0	1	0	0	0	0	0	0	0	0	0	0	0	0	0	0	0	0	0	0	1	0	1	1	0	0	0	0.0	0.0	0.0	0.0	0.0	0.0	0.0	0.0	0.0	0.0	0.0	0.0	0.0	0.0	0.0	0.0	0.0	0.0	0.0	0.0	0.0	0.0	0.0	0.0	0.0	0.0	0.0	0.0	0.0	0.0	0.0	0.0	0.0	0.0	0.0	0.0	0.0	0.0	0.0	0.0	0.0	0.0	0.0	1.0	1.0	0.0	0.0	0.0	0.0	0.0	0.0	0.0	0.0	0.0	0.0	0.0	0.0	0.0	1.0	0.0	0.0	0.0	0.0	0.0	0.0	0.0	1.0	0.0	1.0	0.0	0.0	1.0	1.6	3.72	0.0	0.0	0.0	0.0	0.0	0.0	0.0	0.0	2.0	0.0	0.0	0.0	0.0
1823	06.08.2024 14:33	06.08.2024 14:34	non-sterile	I agree.	no		no		kitchen counter	21.0	1.0						none;	yes	yes	no		water kefir;	0.0	0.0	6.0	0.0	right	M	27.0	no;	none;	my phd is on sourdough	47.38534588	8.54863486	apartment	no	1500.0	1500.0	3.64	15.98	9.925323141	6.918576474	3.73	16.28	10.54406804	6.301029996	3.96	11.7	10.46921864	7.095165635	4.6	1.6	Bread;Caramel;Buttermilk;	7.0	changed from being perceptibly sour to being more like the sterile one (1726)	4.1		Lactic Acid;Yogurt;Buttermilk;Sour Cream;Alcoholic;Vinegar;	7.0	still the same as my notes on day 7 as well. Annina says it smells alcoholic but i don't know what alcohol she is drinking so maybe she's referring to something i have not drank before. Overall still sour with a bit of 'sting', definitely more acidic in smell. would even say it is vinegary						0	0	0	0	0	0	0	1	1	0	0	1	0	0	0	0	0	0	0	0	0	0	0	0	0	0	0	0	0	0	0	0	0	0	0	0	0	0	0	0	0	0	0	0	0	1	0	0	0	0	0	0	0	1	0	0	0	0	0	0	0	0	0	0	1	0	0	0	0	0	0	0	0	0	0	0	0	0	0	1	0	0	0	0	0	0	1	0	0	1	0	0	0	0	0	0	0	0	0	0	0	0	0	0	0	0	0	0	0	0	0	0	0	0	0	0	0	0	0	0	0	0	0	0	0	0	0	0	0	0	0	0	0	0	0	0.0	0.0	0.0	0.0	0.0	0.0	0.0	0.0	0.0	0.0	0.0	0.0	0.0	0.0	0.0	0.0	0.0	0.0	0.0	0.0	0.0	1.0	0.0	0.0	0.0	0.0	0.0	0.0	0.0	0.0	0.0	0.0	0.0	0.0	0.0	0.0	0.0	0.0	0.0	0.0	0.0	1.0	0.0	1.0	1.0	0.0	0.0	0.0	0.0	0.0	0.0	0.0	0.0	0.0	0.0	0.0	0.0	0.0	1.0	0.0	0.0	0.0	1.0	0.0	0.0	0.0	0.0	1.0	0.0	0.0	0.0	1.0	1.3	3.75	0.0	0.0	0.0	0.0	1.0	0.0	0.0	0.0	3.0	0.0	0.0	0.0	0.0
1824			non-sterile																									M											3.58	15.29	9.839848452	6.075667047																								0	0	0	0	0	0	0	0	0	0	0	0	0	0	0	0	0	0	0	0	0	0	0	0	0	0	0	0	0	0	0	0	0	0	0	0	0	0	0	0	0	0	0	0	0	0	0	0	0	0	0	0	0	0	0	0	0	0	0	0	0	0	0	0	0	0	0	0	0	0	0	0	0	0	0	0	0	0	0	0	0	0	0	0	0	0	0	0	0	0	0	0	0	0	0	0	0	0	0	0	0	0	0	0	0	0	0	0	0	0	0	0	0	0	0	0	0	0	0	0	0	0	0	0	0	0	0	0	0	0	0	0	0	0	0																																																																																							
1825			non-sterile																									F																																						0	0	0	0	0	0	0	0	0	0	0	0	0	0	0	0	0	0	0	0	0	0	0	0	0	0	0	0	0	0	0	0	0	0	0	0	0	0	0	0	0	0	0	0	0	0	0	0	0	0	0	0	0	0	0	0	0	0	0	0	0	0	0	0	0	0	0	0	0	0	0	0	0	0	0	0	0	0	0	0	0	0	0	0	0	0	0	0	0	0	0	0	0	0	0	0	0	0	0	0	0	0	0	0	0	0	0	0	0	0	0	0	0	0	0	0	0	0	0	0	0	0	0	0	0	0	0	0	0	0	0	0	0	0	0																																																																																							
1826			non-sterile																									F											3.8	7.32	10.53402611	5.176091259																								0	0	0	0	0	0	0	0	0	0	0	0	0	0	0	0	0	0	0	0	0	0	0	0	0	0	0	0	0	0	0	0	0	0	0	0	0	0	0	0	0	0	0	0	0	0	0	0	0	0	0	0	0	0	0	0	0	0	0	0	0	0	0	0	0	0	0	0	0	0	0	0	0	0	0	0	0	0	0	0	0	0	0	0	0	0	0	0	0	0	0	0	0	0	0	0	0	0	0	0	0	0	0	0	0	0	0	0	0	0	0	0	0	0	0	0	0	0	0	0	0	0	0	0	0	0	0	0	0	0	0	0	0	0	0																																																																																							
