sample ID	label_barcode1	label_barcode2	created_date	amplicon	unique_id	sample_id	person-id	plate	plate_position	amplicon_conc	DNA_extraction_plate	project	project_2	sample_type	day	hand
366291_386-LP4-ITS-0386	GGAAGTGAAGTT	ATTTGCTTTGCC	16.10.2024 14:59	ITS	LP4-ITS-0386	1820-d21-1	1820	P5	B01	6.7035	DNA59	highschool	highschool	sourdough	21	
366291_387-LP4-ITS-0387	GATCGGGTCGGA	GTGACCCTGTCA	16.10.2024 14:59	ITS	LP4-ITS-0387	1725-d7-1	1725	P5	C01	7.8515	DNA59	highschool	highschool	sourdough	7	
366291_388-LP4-ITS-0388	GTGACCTGATGT	GAGAATGGAAAG	16.10.2024 14:59	ITS	LP4-ITS-0388	1806-d14-1	1806	P5	D01	10.1119	DNA59	highschool	highschool	sourdough	14	
366291_389-LP4-ITS-0389	GCCTACCGCCTA	CAGTAGCGATAT	16.10.2024 14:59	ITS	LP4-ITS-0389	1723-d21-1	1723	P5	E01	5.0523	DNA59	highschool	highschool	sourdough	21	
366291_390-LP4-ITS-0390	ATACGGGCGCAT	GCCAAGGATAGG	16.10.2024 14:59	ITS	LP4-ITS-0390	1706-d7-1	1706	P5	F01	6.1151	DNA59	highschool	highschool	sourdough	7	
366291_391-LP4-ITS-0391	GGATATGTCCCA	TGACGAGGGCTG	16.10.2024 14:59	ITS	LP4-ITS-0391	1726-d7-1	1726	P5	G01	4.7277	DNA59	highschool	highschool	sourdough	7	
366291_392-LP4-ITS-0392	CTGTAGGAGACC	GTGCGAGGACAA	16.10.2024 14:59	ITS	LP4-ITS-0392	1817-d21-1	1817	P5	H01	7.6325	DNA59	highschool	highschool	sourdough	21	
366291_393-LP4-ITS-0393	CACCTCAACTCC	GAGAGTCCACTT	16.10.2024 14:59	ITS	LP4-ITS-0393	1724-d14-1	1724	P5	A02	6.686	DNA59	highschool	highschool	sourdough	14	
366291_394-LP4-ITS-0394	GGAAGTGAAGTT	CTTCGGAGGGAG	16.10.2024 14:59	ITS	LP4-ITS-0394	1815-d7-1	1815	P5	B02	10.4159	DNA59	highschool	highschool	sourdough	7	
366291_397-LP4-ITS-0397	GCCTACCGCCTA	CCACTCTCTCTA	16.10.2024 14:59	ITS	LP4-ITS-0397	1717-d7-1	1717	P5	E02	7.6268	DNA59	highschool	highschool	sourdough	7	
366291_399-LP4-ITS-0399	GGATATGTCCCA	AGACAGTAGGAG	16.10.2024 14:59	ITS	LP4-ITS-0399	1716-d7-1	1716	P5	G02	7.0029	DNA59	highschool	highschool	sourdough	7	
366291_400-LP4-ITS-0400	CTGTAGGAGACC	CTTTGATAATAA	16.10.2024 14:59	ITS	LP4-ITS-0400	1812-d21-1	1812	P5	H02	8.7732	DNA59	highschool	highschool	sourdough	21	
366291_401-LP4-ITS-0401	CACCTCAACTCC	CTAACCTCATAT	16.10.2024 14:59	ITS	LP4-ITS-0401	1705-d7-1	1705	P5	A03	5.2691	DNA59	highschool	highschool	sourdough	7	
366291_402-LP4-ITS-0402	GGAAGTGAAGTT	TAAGAAACGTCA	16.10.2024 14:59	ITS	LP4-ITS-0402	1811-d14-1	1811	P5	B03	6.7938	DNA59	highschool	highschool	sourdough	14	
366291_403-LP4-ITS-0403	GATCGGGTCGGA	CAGTGTCATGAA	16.10.2024 14:59	ITS	LP4-ITS-0403	1721-d14-1	1721	P5	C03	7.3952	DNA59	highschool	highschool	sourdough	14	
366291_404-LP4-ITS-0404	GTGACCTGATGT	CATTCAGTTATA	16.10.2024 14:59	ITS	LP4-ITS-0404	1718-d7-1	1718	P5	D03	7.9559	DNA59	highschool	highschool	sourdough	7	
366291_406-LP4-ITS-0406	ATACGGGCGCAT	ATTCGGTAGTGC	16.10.2024 14:59	ITS	LP4-ITS-0406	1805-d14-1	1805	P5	F03	6.0448	DNA59	highschool	highschool	sourdough	14	
366291_407-LP4-ITS-0407	GGATATGTCCCA	ATAGACACTCCG	16.10.2024 14:59	ITS	LP4-ITS-0407	1807-d21-1	1807	P5	G03	8.0067	DNA59	highschool	highschool	sourdough	21	
366291_409-LP4-ITS-0409	CACCTCAACTCC	AGCTTCGACAGT	16.10.2024 14:59	ITS	LP4-ITS-0409	1804-d14-1	1804	P5	A04	4.4322	DNA59	highschool	highschool	sourdough	14	
366291_410-LP4-ITS-0410	GGAAGTGAAGTT	TTGCGACAAAGT	16.10.2024 14:59	ITS	LP4-ITS-0410	1725-d14-1	1725	P5	B04	7.1281	DNA59	highschool	highschool	sourdough	14	
366291_411-LP4-ITS-0411	GATCGGGTCGGA	GTTGACCATCGC	16.10.2024 14:59	ITS	LP4-ITS-0411	1726-d21-1	1726	P5	C04	9.0429	DNA59	highschool	highschool	sourdough	21	
366291_412-LP4-ITS-0412	GTGACCTGATGT	CCAGATATAGCA	16.10.2024 14:59	ITS	LP4-ITS-0412	1713-d14-1	1713	P5	D04	11.0542	DNA59	highschool	highschool	sourdough	14	
366291_413-LP4-ITS-0413	GCCTACCGCCTA	ATGTATCAATTA	16.10.2024 14:59	ITS	LP4-ITS-0413	1818-d21-1	1818	P5	E04	10.9569	DNA59	highschool	highschool	sourdough	21	
366291_414-LP4-ITS-0414	ATACGGGCGCAT	CTTGAGAAATCG	16.10.2024 14:59	ITS	LP4-ITS-0414	1813-d14-1	1813	P5	F04	12.145	DNA59	highschool	highschool	sourdough	14	
366291_421-LP4-ITS-0421	GCCTACCGCCTA	CAAATGGTCGTC	16.10.2024 14:59	ITS	LP4-ITS-0421	1811-d21-1	1811	P5	E05	0.97	DNA59	highschool	highschool	sourdough	21	
366291_425-LP4-ITS-0425	CACCTCAACTCC	TGGCCGTTACTG	16.10.2024 14:59	ITS	LP4-ITS-0425	1804-d21-1	1804	P5	A06	3.9587	DNA59	highschool	highschool	sourdough	21	
366291_426-LP4-ITS-0426	GGAAGTGAAGTT	CGTGGTGGGAAC	16.10.2024 14:59	ITS	LP4-ITS-0426	1812-d7-1	1812	P5	B06	8.3243	DNA59	highschool	highschool	sourdough	7	
366291_427-LP4-ITS-0427	GATCGGGTCGGA	CGCAGATTAGTA	16.10.2024 14:59	ITS	LP4-ITS-0427	1719-d21-1	1719	P5	C06	4.1151	DNA59	highschool	highschool	sourdough	21	
366291_429-LP4-ITS-0429	GCCTACCGCCTA	ACACGCGGTTTA	16.10.2024 14:59	ITS	LP4-ITS-0429	1713-d21-1	1713	P5	E06	2.6625	DNA59	highschool	highschool	sourdough	21	
366291_430-LP4-ITS-0430	ATACGGGCGCAT	GAATGCGTATAA	16.10.2024 14:59	ITS	LP4-ITS-0430	1824-d7-1	1824	P5	F06	5.6359	DNA59	highschool	highschool	sourdough	7	
366291_431-LP4-ITS-0431	GGATATGTCCCA	GATGCGCAGGAC	16.10.2024 14:59	ITS	LP4-ITS-0431	1815-d14-1	1815	P5	G06	8.5189	DNA59	highschool	highschool	sourdough	14	
366291_432-LP4-ITS-0432	CTGTAGGAGACC	TAGACCGACTCC	16.10.2024 14:59	ITS	LP4-ITS-0432	1722-d21-1	1722	P5	H06	6.9796	DNA59	highschool	highschool	sourdough	21	
366291_433-LP4-ITS-0433	CACCTCAACTCC	AAGATCGTACTG	16.10.2024 14:59	ITS	LP4-ITS-0433	1803-d14-1	1803	P5	A07	4.5806	DNA59	highschool	highschool	sourdough	14	
366291_434-LP4-ITS-0434	GGAAGTGAAGTT	GTCATTGGGCTA	16.10.2024 14:59	ITS	LP4-ITS-0434	Negative-Control-P5		P5	B07	-0.0653	DNA59	highschool	highschool	control_n		
366291_435-LP4-ITS-0435	GATCGGGTCGGA	TCCTAGGTCCGA	16.10.2024 14:59	ITS	LP4-ITS-0435	1725-d21-1	1725	P5	C07	3.6013	DNA59	highschool	highschool	sourdough	21	
366291_436-LP4-ITS-0436	GTGACCTGATGT	CGCGGCGCAGCT	16.10.2024 14:59	ITS	LP4-ITS-0436	1801-d7-1	1801	P5	D07	7.4686	DNA59	highschool	highschool	sourdough	7	
366291_437-LP4-ITS-0437	GCCTACCGCCTA	AAGCCGGGTCCG	16.10.2024 14:59	ITS	LP4-ITS-0437	PCR-Control-P5		P5	E07	-0.0648	DNA59	highschool	highschool	control_pcr		
366291_439-LP4-ITS-0439	GGATATGTCCCA	TGAAAGCGGCGA	16.10.2024 14:59	ITS	LP4-ITS-0439	Positive-Control-P5		P5	G07	10.0579	DNA59	highschool	highschool	control_p		
366291_443-LP4-ITS-0443	GATCGGGTCGGA	GGCCTATAAGTC	16.10.2024 14:59	ITS	LP4-ITS-0443	1812-d14-1	1812	P5	C08	8.0608	DNA59	highschool	highschool	sourdough	14	
366291_445-LP4-ITS-0445	GCCTACCGCCTA	AGGACGCCAGCA	16.10.2024 14:59	ITS	LP4-ITS-0445	1802-d21-1	1802	P5	E08	7.0078	DNA59	highschool	highschool	sourdough	21	
366291_446-LP4-ITS-0446	ATACGGGCGCAT	GCTATATCCAGG	16.10.2024 14:59	ITS	LP4-ITS-0446	1820-d14-1	1820	P5	F08	8.627	DNA59	highschool	highschool	sourdough	14	
366291_447-LP4-ITS-0447	GGATATGTCCCA	AGCACCGGTCTT	16.10.2024 14:59	ITS	LP4-ITS-0447	1711-d21-1	1711	P5	G08	5.0598	DNA59	highschool	highschool	sourdough	21	
366291_449-LP4-ITS-0449	CACCTCAACTCC	GTCAATTAGTGG	16.10.2024 14:59	ITS	LP4-ITS-0449	1722-d14-1	1722	P5	A09	4.4208	DNA59	highschool	highschool	sourdough	14	
366291_453-LP4-ITS-0453	GCCTACCGCCTA	TTGGAACGGCTT	16.10.2024 14:59	ITS	LP4-ITS-0453	1823-d21-1	1823	P5	E09	8.1209	DNA59	highschool	highschool	sourdough	21	
366291_454-LP4-ITS-0454	ATACGGGCGCAT	CATGATTAAGAG	16.10.2024 14:59	ITS	LP4-ITS-0454	1714-d7-1	1714	P5	F09	4.692	DNA59	highschool	highschool	sourdough	7	
366291_456-LP4-ITS-0456	CTGTAGGAGACC	ATCGCCGCCTTG	16.10.2024 14:59	ITS	LP4-ITS-0456	1724-d21-1	1724	P5	H09	8.415	DNA59	highschool	highschool	sourdough	21	
366291_459-LP4-ITS-0459	GATCGGGTCGGA	CTAGTCGCTGGT	16.10.2024 14:59	ITS	LP4-ITS-0459	1814-d21-1	1814	P5	C10	5.0095	DNA59	highschool	highschool	sourdough	21	
366291_460-LP4-ITS-0460	GTGACCTGATGT	TGGACTCAGCTA	16.10.2024 14:59	ITS	LP4-ITS-0460	1716-d21-1	1716	P5	D10	10.1607	DNA59	highschool	highschool	sourdough	21	
366291_462-LP4-ITS-0462	ATACGGGCGCAT	ACCTATGGTGAA	16.10.2024 14:59	ITS	LP4-ITS-0462	1813-d7-1	1813	P5	F10	11.776	DNA59	highschool	highschool	sourdough	7	
366291_465-LP4-ITS-0465	CACCTCAACTCC	GCAAGAATACAT	16.10.2024 14:59	ITS	LP4-ITS-0465	1708-d21-1	1708	P5	A11	7.7137	DNA59	highschool	highschool	sourdough	21	
366291_466-LP4-ITS-0466	GGAAGTGAAGTT	CAGGGTAGGGTA	16.10.2024 14:59	ITS	LP4-ITS-0466	1723-d14-1	1723	P5	B11	7.3436	DNA59	highschool	highschool	sourdough	14	
366291_467-LP4-ITS-0467	GATCGGGTCGGA	AATATCGGGATC	16.10.2024 14:59	ITS	LP4-ITS-0467	1813-d21-1	1813	P5	C11	11.2668	DNA59	highschool	highschool	sourdough	21	
366291_469-LP4-ITS-0469	GCCTACCGCCTA	TTATACGTTGTA	16.10.2024 14:59	ITS	LP4-ITS-0469	1822-d21-1	1822	P5	E11	10.6345	DNA59	highschool	highschool	sourdough	21	
366291_471-LP4-ITS-0471	GGATATGTCCCA	ATCGTTATATCA	16.10.2024 14:59	ITS	LP4-ITS-0471	1721-d7-1	1721	P5	G11	9.7383	DNA59	highschool	highschool	sourdough	7	
366291_472-LP4-ITS-0472	CTGTAGGAGACC	TCAAGCAATACG	16.10.2024 14:59	ITS	LP4-ITS-0472	1810-d21-1	1810	P5	H11	9.2895	DNA59	highschool	highschool	sourdough	21	
366291_476-LP4-ITS-0476	GTGACCTGATGT	TAGGAGAGACAG	16.10.2024 14:59	ITS	LP4-ITS-0476	1803-d21-1	1803	P5	D12	9.1302	DNA59	highschool	highschool	sourdough	21	
366291_480-LP4-ITS-0480	CTGTAGGAGACC	AGGGAGCTTCGG	16.10.2024 14:59	ITS	LP4-ITS-0480	1809-d21-1	1809	P5	H12	15.1016	DNA59	highschool	highschool	sourdough	21	
366291_483-LP4-ITS-0483	TAGGTCATGCGG	GTGACCCTGTCA	16.10.2024 14:59	ITS	LP4-ITS-0483	1712-d7-1	1712	P6	C01	6.13231	DNA60	highschool	highschool	sourdough	7	
366291_485-LP4-ITS-0485	CAAATCTTAAGA	CAGTAGCGATAT	16.10.2024 14:59	ITS	LP4-ITS-0485	1826-d7-1	1826	P6	E01	4.11868	DNA60	highschool	highschool	sourdough	7	
366291_487-LP4-ITS-0487	GAGACAGCTTGC	TGACGAGGGCTG	16.10.2024 14:59	ITS	LP4-ITS-0487	1720-d21-1	1720	P6	G01	8.81376	DNA60	highschool	highschool	sourdough	21	
366291_488-LP4-ITS-0488	TCCGGACAGGAG	GTGCGAGGACAA	16.10.2024 14:59	ITS	LP4-ITS-0488	1817-d14-1	1817	P6	H01	8.02297	DNA60	highschool	highschool	sourdough	14	
366291_489-LP4-ITS-0489	GCCCAATATGTG	GAGAGTCCACTT	16.10.2024 14:59	ITS	LP4-ITS-0489	1804-d7-1	1804	P6	A02	5.0592	DNA60	highschool	highschool	sourdough	7	
366291_490-LP4-ITS-0490	CTTCACCGGTCG	CTTCGGAGGGAG	16.10.2024 14:59	ITS	LP4-ITS-0490	1814-d14-1	1814	P6	B02	6.11629	DNA60	highschool	highschool	sourdough	14	
366291_491-LP4-ITS-0491	TAGGTCATGCGG	AGCAACATTGCA	16.10.2024 14:59	ITS	LP4-ITS-0491	1724-d7-1	1724	P6	C02	8.5652	DNA60	highschool	highschool	sourdough	7	
366291_492-LP4-ITS-0492	TCCTTTAAGACT	GCTTCATTTCTG	16.10.2024 14:59	ITS	LP4-ITS-0492	1809-d14-1	1809	P6	D02	8.13356	DNA60	highschool	highschool	sourdough	14	
366291_493-LP4-ITS-0493	CAAATCTTAAGA	CCACTCTCTCTA	16.10.2024 14:59	ITS	LP4-ITS-0493	1720-d7-1	1720	P6	E02	7.82296	DNA60	highschool	highschool	sourdough	7	
366291_495-LP4-ITS-0495	GAGACAGCTTGC	AGACAGTAGGAG	16.10.2024 14:59	ITS	LP4-ITS-0495	1803-d7-1	1803	P6	G02	10.08464	DNA60	highschool	highschool	sourdough	7	
366291_499-LP4-ITS-0499	TAGGTCATGCGG	CAGTGTCATGAA	16.10.2024 14:59	ITS	LP4-ITS-0499	1808-d14-1	1808	P6	C03	8.03817	DNA60	highschool	highschool	sourdough	14	
366292_001-LP4-ITS-0501	CAAATCTTAAGA	TATCGTTATCGT	16.10.2024 14:59	ITS	LP4-ITS-0501	1805-d7-1	1805	P6	E03	8.54107	DNA60	highschool	highschool	sourdough	7	
366292_002-LP4-ITS-0502	ACCAGACGATGC	ATTCGGTAGTGC	16.10.2024 14:59	ITS	LP4-ITS-0502	1716-d14-1	1716	P6	F03	4.45929	DNA60	highschool	highschool	sourdough	14	
366292_003-LP4-ITS-0503	GAGACAGCTTGC	ATAGACACTCCG	16.10.2024 14:59	ITS	LP4-ITS-0503	1710-d7-1	1710	P6	G03	5.33746	DNA60	highschool	highschool	sourdough	7	
366292_004-LP4-ITS-0504	TCCGGACAGGAG	CATAAATTCTTG	16.10.2024 14:59	ITS	LP4-ITS-0504	1721-d21-1	1721	P6	H03	4.5566	DNA60	highschool	highschool	sourdough	21	
366292_005-LP4-ITS-0505	GCCCAATATGTG	AGCTTCGACAGT	16.10.2024 14:59	ITS	LP4-ITS-0505	1701-d21-1	1701	P6	A04	4.8523	DNA60	highschool	highschool	sourdough	21	
366292_007-LP4-ITS-0507	TAGGTCATGCGG	GTTGACCATCGC	16.10.2024 14:59	ITS	LP4-ITS-0507	1708-d7-1	1708	P6	C04	4.48331	DNA60	highschool	highschool	sourdough	7	
366292_008-LP4-ITS-0508	TCCTTTAAGACT	CCAGATATAGCA	16.10.2024 14:59	ITS	LP4-ITS-0508	1712-d14-1	1712	P6	D04	2.30891	DNA60	highschool	highschool	sourdough	14	
366292_009-LP4-ITS-0509	CAAATCTTAAGA	ATGTATCAATTA	16.10.2024 14:59	ITS	LP4-ITS-0509	1702-d7-1	1702	P6	E04	4.89335	DNA60	highschool	highschool	sourdough	7	
366292_011-LP4-ITS-0511	GAGACAGCTTGC	ACGGCCCTGGAG	16.10.2024 14:59	ITS	LP4-ITS-0511	1703-d21-1	1703	P6	G04	9.38184	DNA60	highschool	highschool	sourdough	21	
366292_014-LP4-ITS-0514	CTTCACCGGTCG	AGGAACCAGACG	16.10.2024 14:59	ITS	LP4-ITS-0514	1807-d14-1	1807	P6	B05	6.66551	DNA60	highschool	highschool	sourdough	14	
366292_015-LP4-ITS-0515	TAGGTCATGCGG	AGACACCAATGT	16.10.2024 14:59	ITS	LP4-ITS-0515	1802-d7-1	1802	P6	C05	9.59837	DNA60	highschool	highschool	sourdough	7	
366292_017-LP4-ITS-0517	CAAATCTTAAGA	CAAATGGTCGTC	16.10.2024 14:59	ITS	LP4-ITS-0517	1717-d14-1	1717	P6	E05	0.74091	DNA60	highschool	highschool	sourdough	14	
366292_018-LP4-ITS-0518	ACCAGACGATGC	CGAGGGAAAGTC	16.10.2024 14:59	ITS	LP4-ITS-0518	1726-d14-1	1726	P6	F05	9.42087	DNA60	highschool	highschool	sourdough	14	
366292_019-LP4-ITS-0519	GAGACAGCTTGC	CACAATACACCG	16.10.2024 14:59	ITS	LP4-ITS-0519	1720-d14-1	1720	P6	G05	9.39036	DNA60	highschool	highschool	sourdough	14	
366292_022-LP4-ITS-0522	CTTCACCGGTCG	CGTGGTGGGAAC	16.10.2024 14:59	ITS	LP4-ITS-0522	1711-d7-1	1711	P6	B06	5.67685	DNA60	highschool	highschool	sourdough	7	
366292_023-LP4-ITS-0523	TAGGTCATGCGG	CGCAGATTAGTA	16.10.2024 14:59	ITS	LP4-ITS-0523	1711-d14-1	1711	P6	C06	7.09482	DNA60	highschool	highschool	sourdough	14	
366292_025-LP4-ITS-0525	CAAATCTTAAGA	ACACGCGGTTTA	16.10.2024 14:59	ITS	LP4-ITS-0525	1707-d7-1	1707	P6	E06	2.47871	DNA60	highschool	highschool	sourdough	7	
366292_026-LP4-ITS-0526	ACCAGACGATGC	GAATGCGTATAA	16.10.2024 14:59	ITS	LP4-ITS-0526	1704-d21-1	1704	P6	F06	8.10011	DNA60	highschool	highschool	sourdough	21	
366292_027-LP4-ITS-0527	GAGACAGCTTGC	GATGCGCAGGAC	16.10.2024 14:59	ITS	LP4-ITS-0527	1811-d7-1	1811	P6	G06	8.49779	DNA60	highschool	highschool	sourdough	7	
366292_028-LP4-ITS-0528	TCCGGACAGGAG	TAGACCGACTCC	16.10.2024 14:59	ITS	LP4-ITS-0528	1709-d21-1	1709	P6	H06	4.09455	DNA60	highschool	highschool	sourdough	21	
366292_030-LP4-ITS-0530	CTTCACCGGTCG	GTCATTGGGCTA	16.10.2024 14:59	ITS	LP4-ITS-0530	1718-d21-1	1718	P6	B07	7.19183	DNA60	highschool	highschool	sourdough	21	
366292_031-LP4-ITS-0531	TAGGTCATGCGG	TCCTAGGTCCGA	16.10.2024 14:59	ITS	LP4-ITS-0531	Positive-Control-P6		P6	C07	2.18078	DNA60	highschool	highschool	control_p		
366292_035-LP4-ITS-0535	GAGACAGCTTGC	TGAAAGCGGCGA	16.10.2024 14:59	ITS	LP4-ITS-0535	1705-d21-1	1705	P6	G07	10.52388	DNA60	highschool	highschool	sourdough	21	
366292_038-LP4-ITS-0538	CTTCACCGGTCG	TCTACGGCACGT	16.10.2024 14:59	ITS	LP4-ITS-0538	1806-d7-1	1806	P6	B08	-0.07238	DNA60	highschool	highschool	sourdough	7	
366292_039-LP4-ITS-0539	TAGGTCATGCGG	GGCCTATAAGTC	16.10.2024 14:59	ITS	LP4-ITS-0539	1719-d7-1	1719	P6	C08	3.37117	DNA60	highschool	highschool	sourdough	7	
366292_040-LP4-ITS-0540	TCCTTTAAGACT	ATGGATAGCTAA	16.10.2024 14:59	ITS	LP4-ITS-0540	1722-d7-1	1722	P6	D08	8.04932	DNA60	highschool	highschool	sourdough	7	
366292_042-LP4-ITS-0542	ACCAGACGATGC	GCTATATCCAGG	16.10.2024 14:59	ITS	LP4-ITS-0542	1707-d14-1	1707	P6	F08	7.19578	DNA60	highschool	highschool	sourdough	14	
366292_043-LP4-ITS-0543	GAGACAGCTTGC	AGCACCGGTCTT	16.10.2024 14:59	ITS	LP4-ITS-0543	1713-d7-1	1713	P6	G08	2.90821	DNA60	highschool	highschool	sourdough	7	
366292_045-LP4-ITS-0545	GCCCAATATGTG	GTCAATTAGTGG	16.10.2024 14:59	ITS	LP4-ITS-0545	Negative-Control-P6		P6	A09	-0.09083	DNA60	highschool	highschool	control_n		
366292_046-LP4-ITS-0546	CTTCACCGGTCG	AGCCCGCAAAGG	16.10.2024 14:59	ITS	LP4-ITS-0546	1817-d7-1	1817	P6	B09	2.99337	DNA60	highschool	highschool	sourdough	7	
366292_048-LP4-ITS-0548	TCCTTTAAGACT	AGAAGGCCTTAT	16.10.2024 14:59	ITS	LP4-ITS-0548	1822-d7-1	1822	P6	D09	6.33363	DNA60	highschool	highschool	sourdough	7	
366292_051-LP4-ITS-0551	GAGACAGCTTGC	ACGCCGAGGTAG	16.10.2024 14:59	ITS	LP4-ITS-0551	1814-d7-1	1814	P6	G09	5.35033	DNA60	highschool	highschool	sourdough	7	
366292_052-LP4-ITS-0552	TCCGGACAGGAG	ATCGCCGCCTTG	16.10.2024 14:59	ITS	LP4-ITS-0552	1712-d21-1	1712	P6	H09	3.73408	DNA60	highschool	highschool	sourdough	21	
366292_053-LP4-ITS-0553	GCCCAATATGTG	CCTAAGAGCATC	16.10.2024 14:59	ITS	LP4-ITS-0553	1717-d21-1	1717	P6	A10	7.71166	DNA60	highschool	highschool	sourdough	21	
366292_054-LP4-ITS-0554	CTTCACCGGTCG	GAGCGCCGAACA	16.10.2024 14:59	ITS	LP4-ITS-0554	1709-d7-1	1709	P6	B10	5.725	DNA60	highschool	highschool	sourdough	7	
366292_055-LP4-ITS-0555	TAGGTCATGCGG	CTAGTCGCTGGT	16.10.2024 14:59	ITS	LP4-ITS-0555	1714-d14-1	1714	P6	C10	8.35901	DNA60	highschool	highschool	sourdough	14	
366292_056-LP4-ITS-0556	TCCTTTAAGACT	TGGACTCAGCTA	16.10.2024 14:59	ITS	LP4-ITS-0556	1701-d7-1	1701	P6	D10	4.72224	DNA60	highschool	highschool	sourdough	7	
366292_059-LP4-ITS-0559	GAGACAGCTTGC	CTCACGCAATGC	16.10.2024 14:59	ITS	LP4-ITS-0559	PCR-Control-P6		P6	G10	0.0373	DNA60	highschool	highschool	control_pcr		
366292_061-LP4-ITS-0561	GCCCAATATGTG	GCAAGAATACAT	16.10.2024 14:59	ITS	LP4-ITS-0561	1802-d14-1	1802	P6	A11	6.61625	DNA60	highschool	highschool	sourdough	14	
366292_063-LP4-ITS-0563	TAGGTCATGCGG	AATATCGGGATC	16.10.2024 14:59	ITS	LP4-ITS-0563	1702-d14-1	1702	P6	C11	9.26324	DNA60	highschool	highschool	sourdough	14	
366292_065-LP4-ITS-0565	CAAATCTTAAGA	TTATACGTTGTA	16.10.2024 14:59	ITS	LP4-ITS-0565	1702-d21-1	1702	P6	E11	9.105	DNA60	highschool	highschool	sourdough	21	
366292_068-LP4-ITS-0568	TCCGGACAGGAG	TCAAGCAATACG	16.10.2024 14:59	ITS	LP4-ITS-0568	1808-d7-1	1808	P6	H11	9.0459	DNA60	highschool	highschool	sourdough	7	
366292_070-LP4-ITS-0570	CTTCACCGGTCG	GTAAATTCAGGC	16.10.2024 14:59	ITS	LP4-ITS-0570	1708-d14-1	1708	P6	B12	6.50434	DNA60	highschool	highschool	sourdough	14	
366292_071-LP4-ITS-0571	TAGGTCATGCGG	AAGCCTCTACGA	16.10.2024 14:59	ITS	LP4-ITS-0571	1819-d7-1	1819	P6	C12	9.43912	DNA60	highschool	highschool	sourdough	7	
366292_073-LP4-ITS-0573	CAAATCTTAAGA	GGTGTGAGAAAG	16.10.2024 14:59	ITS	LP4-ITS-0573	1822-d14-1	1822	P6	E12	9.04813	DNA60	highschool	highschool	sourdough	14	
366292_074-LP4-ITS-0574	ACCAGACGATGC	GTTCCATCGGCC	16.10.2024 14:59	ITS	LP4-ITS-0574	1718-d14-1	1718	P6	F12	11.03976	DNA60	highschool	highschool	sourdough	14	
366292_076-LP4-ITS-0576	TCCGGACAGGAG	AGGGAGCTTCGG	16.10.2024 14:59	ITS	LP4-ITS-0576	1823-d14-1	1823	P6	H12	6.14771	DNA60	highschool	highschool	sourdough	14	
366292_077-LP4-ITS-0577	TGTTCCAACATG	CTACCGATTGCG	16.10.2024 14:59	ITS	LP4-ITS-0577	1701-d14-1	1701	P7	A01	4.45221	DNA61	highschool	highschool	sourdough	14	
366292_080-LP4-ITS-0580	AGACCGTCAGAC	GAGAATGGAAAG	16.10.2024 14:59	ITS	LP4-ITS-0580	Negative-Control-P7		P7	D01	0.06888	DNA61	highschool	highschool	control_n		
366292_081-LP4-ITS-0581	GCCCACAGGGCC	CAGTAGCGATAT	16.10.2024 14:59	ITS	LP4-ITS-0581	1801-d14-1	1801	P7	E01	8.01257	DNA61	highschool	highschool	sourdough	14	
366292_083-LP4-ITS-0583	AGGCATCTTACG	TGACGAGGGCTG	16.10.2024 14:59	ITS	LP4-ITS-0583	1703-d7-1	1703	P7	G01	3.87631	DNA61	highschool	highschool	sourdough	7	
366292_085-LP4-ITS-0585	TGTTCCAACATG	GAGAGTCCACTT	16.10.2024 14:59	ITS	LP4-ITS-0585	1810-d14-1	1810	P7	A02	6.99361	DNA61	highschool	highschool	sourdough	14	
366292_086-LP4-ITS-0586	CAACCCGAGAGG	CTTCGGAGGGAG	16.10.2024 14:59	ITS	LP4-ITS-0586	1703-d14-1	1703	P7	B02	10.07947	DNA61	highschool	highschool	sourdough	14	
366292_088-LP4-ITS-0588	AGACCGTCAGAC	GCTTCATTTCTG	16.10.2024 14:59	ITS	LP4-ITS-0588	1709-d14-1	1709	P7	D02	4.71831	DNA61	highschool	highschool	sourdough	14	
366292_090-LP4-ITS-0590	GGCGTTTGCCTC	GAACAAAGAGCG	16.10.2024 14:59	ITS	LP4-ITS-0590	1823-d7-1	1823	P7	F02	12.48672	DNA61	highschool	highschool	sourdough	7	
366292_091-LP4-ITS-0591	AGGCATCTTACG	AGACAGTAGGAG	16.10.2024 14:59	ITS	LP4-ITS-0591	PCR-Control-P7		P7	G02	1.29701	DNA61	highschool	highschool	control_pcr		
366292_093-LP4-ITS-0593	TGTTCCAACATG	CTAACCTCATAT	16.10.2024 14:59	ITS	LP4-ITS-0593	1820-d7-1	1820	P7	A03	10.68177	DNA61	highschool	highschool	sourdough	7	
366292_097-LP4-ITS-0597	GCCCACAGGGCC	TATCGTTATCGT	16.10.2024 14:59	ITS	LP4-ITS-0597	Positive-Control-P7		P7	E03	11.17359	DNA61	highschool	highschool	control_p		
366292_098-LP4-ITS-0598	GGCGTTTGCCTC	ATTCGGTAGTGC	16.10.2024 14:59	ITS	LP4-ITS-0598	1710-d21-1	1710	P7	F03	8.45938	DNA61	highschool	highschool	sourdough	21	
366292_102-LP4-ITS-0602	CAACCCGAGAGG	TTGCGACAAAGT	16.10.2024 14:59	ITS	LP4-ITS-0602	1806-d21-1	1806	P7	B04	4.9126	DNA61	highschool	highschool	sourdough	21	
366292_103-LP4-ITS-0603	GTGGGTCTAGTG	GTTGACCATCGC	16.10.2024 14:59	ITS	LP4-ITS-0603	1704-d7-1	1704	P7	C04	7.1099	DNA61	highschool	highschool	sourdough	7	
366292_105-LP4-ITS-0605	GCCCACAGGGCC	ATGTATCAATTA	16.10.2024 14:59	ITS	LP4-ITS-0605	1723-d7-1	1723	P7	E04	7.18338	DNA61	highschool	highschool	sourdough	7	
366292_106-LP4-ITS-0606	GGCGTTTGCCTC	CTTGAGAAATCG	16.10.2024 14:59	ITS	LP4-ITS-0606	1707-d21-1	1707	P7	F04	10.7978	DNA61	highschool	highschool	sourdough	21	
366292_107-LP4-ITS-0607	AGGCATCTTACG	ACGGCCCTGGAG	16.10.2024 14:59	ITS	LP4-ITS-0607	1810-d7-1	1810	P7	G04	12.48594	DNA61	highschool	highschool	sourdough	7	
366292_108-LP4-ITS-0608	TTCAAATATTAG	CTGTAAAGGTTG	16.10.2024 14:59	ITS	LP4-ITS-0608	1705-d14-1	1705	P7	H04	9.4068	DNA61	highschool	highschool	sourdough	14	
366292_110-LP4-ITS-0610	CAACCCGAGAGG	AGGAACCAGACG	16.10.2024 14:59	ITS	LP4-ITS-0610	1719-d14-1	1719	P7	B05	7.66511	DNA61	highschool	highschool	sourdough	14	
366292_111-LP4-ITS-0611	GTGGGTCTAGTG	AGACACCAATGT	16.10.2024 14:59	ITS	LP4-ITS-0611	empty		P7	C05	0.05077	DNA61	highschool	highschool	empty		
366292_112-LP4-ITS-0612	AGACCGTCAGAC	TCATACAGCCAG	16.10.2024 14:59	ITS	LP4-ITS-0612	empty		P7	D05	0.05154	DNA61	highschool	highschool	empty		
366292_113-LP4-ITS-0613	GCCCACAGGGCC	CAAATGGTCGTC	16.10.2024 14:59	ITS	LP4-ITS-0613	empty		P7	E05	0.03913	DNA61	highschool	highschool	empty		
366292_114-LP4-ITS-0614	GGCGTTTGCCTC	CGAGGGAAAGTC	16.10.2024 14:59	ITS	LP4-ITS-0614	empty		P7	F05	0.05245	DNA61	highschool	highschool	empty		
366292_115-LP4-ITS-0615	AGGCATCTTACG	CACAATACACCG	16.10.2024 14:59	ITS	LP4-ITS-0615	empty		P7	G05	0.03744	DNA61	highschool	highschool	empty		
366292_127-LP4-ITS-0627	GTGGGTCTAGTG	TCCTAGGTCCGA	16.10.2024 14:59	ITS	LP4-ITS-0627	Positive-Control-P7.2		P7	C07	1.08702575	DNA61	highschool	highschool	control_p		
366292_134-LP4-ITS-0634	CAACCCGAGAGG	TCTACGGCACGT	16.10.2024 14:59	ITS	LP4-ITS-0634	PCR-Control-P7.2		P7	B08	-0.0017174	DNA61	highschool	highschool	control_p		
366292_139-LP4-ITS-0639	AGGCATCTTACG	AGCACCGGTCTT	16.10.2024 14:59	ITS	LP4-ITS-0639	Negative-Control-P7.2		P7	G08	-0.0004669	DNA61	highschool	highschool	control_n		
366292_149-LP4-ITS-0649	TGTTCCAACATG	CCTAAGAGCATC	16.10.2024 14:59	ITS	LP4-ITS-0649	empty		P7	A10	0.02697	DNA61	highschool	highschool	empty		
366292_150-LP4-ITS-0650	CAACCCGAGAGG	GAGCGCCGAACA	16.10.2024 14:59	ITS	LP4-ITS-0650	empty		P7	B10	0.02645	DNA61	highschool	highschool	empty		
366292_151-LP4-ITS-0651	GTGGGTCTAGTG	CTAGTCGCTGGT	16.10.2024 14:59	ITS	LP4-ITS-0651	empty		P7	C10	0.02632	DNA61	highschool	highschool	empty		
366292_152-LP4-ITS-0652	AGACCGTCAGAC	TGGACTCAGCTA	16.10.2024 14:59	ITS	LP4-ITS-0652	empty		P7	D10	0.02619	DNA61	highschool	highschool	empty		
366292_153-LP4-ITS-0653	GCCCACAGGGCC	TGTTGCGTTTCT	16.10.2024 14:59	ITS	LP4-ITS-0653	empty		P7	E10	0.02632	DNA61	highschool	highschool	empty		
366292_154-LP4-ITS-0654	GGCGTTTGCCTC	ACCTATGGTGAA	16.10.2024 14:59	ITS	LP4-ITS-0654	empty		P7	F10	0.02684	DNA61	highschool	highschool	empty		
366292_155-LP4-ITS-0655	AGGCATCTTACG	CTCACGCAATGC	16.10.2024 14:59	ITS	LP4-ITS-0655	empty		P7	G10	0.02632	DNA61	highschool	highschool	empty		
366292_156-LP4-ITS-0656	TTCAAATATTAG	TAGTGTCGGATC	16.10.2024 14:59	ITS	LP4-ITS-0656	empty		P7	H10	0.02645	DNA61	highschool	highschool	empty		
366292_157-LP4-ITS-0657	TGTTCCAACATG	GCAAGAATACAT	16.10.2024 14:59	ITS	LP4-ITS-0657	empty		P7	A11	0.02697	DNA61	highschool	highschool	empty		
366292_158-LP4-ITS-0658	CAACCCGAGAGG	CAGGGTAGGGTA	16.10.2024 14:59	ITS	LP4-ITS-0658	empty		P7	B11	0.02658	DNA61	highschool	highschool	empty		
366292_159-LP4-ITS-0659	GTGGGTCTAGTG	AATATCGGGATC	16.10.2024 14:59	ITS	LP4-ITS-0659	empty		P7	C11	0.02632	DNA61	highschool	highschool	empty		
366292_160-LP4-ITS-0660	AGACCGTCAGAC	GCGATGGCGATG	16.10.2024 14:59	ITS	LP4-ITS-0660	empty		P7	D11	0.02632	DNA61	highschool	highschool	empty		
366292_161-LP4-ITS-0661	GCCCACAGGGCC	TTATACGTTGTA	16.10.2024 14:59	ITS	LP4-ITS-0661	empty		P7	E11	0.02632	DNA61	highschool	highschool	empty		
366292_162-LP4-ITS-0662	GGCGTTTGCCTC	AATCTAACAATT	16.10.2024 14:59	ITS	LP4-ITS-0662	empty		P7	F11	0.02645	DNA61	highschool	highschool	empty		
366292_163-LP4-ITS-0663	AGGCATCTTACG	ATCGTTATATCA	16.10.2024 14:59	ITS	LP4-ITS-0663	empty		P7	G11	0.02606	DNA61	highschool	highschool	empty		
366292_164-LP4-ITS-0664	TTCAAATATTAG	TCAAGCAATACG	16.10.2024 14:59	ITS	LP4-ITS-0664	empty		P7	H11	0.02645	DNA61	highschool	highschool	empty		
366292_165-LP4-ITS-0665	TGTTCCAACATG	GGTAATAGAGTT	16.10.2024 14:59	ITS	LP4-ITS-0665	empty		P7	A12	0.03175	DNA61	highschool	highschool	empty		
366292_166-LP4-ITS-0666	CAACCCGAGAGG	GTAAATTCAGGC	16.10.2024 14:59	ITS	LP4-ITS-0666	empty		P7	B12	0.02645	DNA61	highschool	highschool	empty		
366292_167-LP4-ITS-0667	GTGGGTCTAGTG	AAGCCTCTACGA	16.10.2024 14:59	ITS	LP4-ITS-0667	empty		P7	C12	0.02645	DNA61	highschool	highschool	empty		
366292_168-LP4-ITS-0668	AGACCGTCAGAC	TAGGAGAGACAG	16.10.2024 14:59	ITS	LP4-ITS-0668	empty		P7	D12	0.02632	DNA61	highschool	highschool	empty		
366292_169-LP4-ITS-0669	GCCCACAGGGCC	GGTGTGAGAAAG	16.10.2024 14:59	ITS	LP4-ITS-0669	empty		P7	E12	0.02606	DNA61	highschool	highschool	empty		
366292_170-LP4-ITS-0670	GGCGTTTGCCTC	GTTCCATCGGCC	16.10.2024 14:59	ITS	LP4-ITS-0670	empty		P7	F12	0.02632	DNA61	highschool	highschool	empty		
366292_171-LP4-ITS-0671	AGGCATCTTACG	TACTTAAACATC	16.10.2024 14:59	ITS	LP4-ITS-0671	empty		P7	G12	0.02619	DNA61	highschool	highschool	empty		
366292_172-LP4-ITS-0672	TTCAAATATTAG	AGGGAGCTTCGG	16.10.2024 14:59	ITS	LP4-ITS-0672	empty		P7	H12	0.02645	DNA61	highschool	highschool	empty		
366291_001-LP4-ITS-0001	ATATTTAGGTAT	CTACCGATTGCG	16.10.2024 14:59	ITS	LP4-ITS-0001	1701-d0-r	1701	P1	A01	4.9019	DNA55	highschool_hs	highschool	hand_swabs	0	r
366291_002-LP4-ITS-0002	AGTACTGCAGGC	ATTTGCTTTGCC	16.10.2024 14:59	ITS	LP4-ITS-0002	1707-d0-r	1707	P1	B01	4.5352	DNA55	highschool_hs	highschool	hand_swabs	0	r
366291_003-LP4-ITS-0003	CGGGTGAACCAT	GTGACCCTGTCA	16.10.2024 14:59	ITS	LP4-ITS-0003	1713-d0-r	1713	P1	C01	1.4193	DNA55	highschool_hs	highschool	hand_swabs	0	r
366291_004-LP4-ITS-0004	CCTGGTCCACGG	GAGAATGGAAAG	16.10.2024 14:59	ITS	LP4-ITS-0004	1719-d0-r	1719	P1	D01	2.1379	DNA55	highschool_hs	highschool	hand_swabs	0	r
366291_005-LP4-ITS-0005	GATAATAGGGAC	CAGTAGCGATAT	16.10.2024 14:59	ITS	LP4-ITS-0005	1724-d0-l	1724	P1	E01	3.3044	DNA55	highschool_hs	highschool	hand_swabs	0	l
366291_006-LP4-ITS-0006	ATGCCGCGTCGC	GCCAAGGATAGG	16.10.2024 14:59	ITS	LP4-ITS-0006	1808-d0-r	1808	P1	F01	3.3138	DNA55	highschool_hs	highschool	hand_swabs	0	r
366291_007-LP4-ITS-0007	GCATTAACCTGG	TGACGAGGGCTG	16.10.2024 14:59	ITS	LP4-ITS-0007	1814-d0-r	1814	P1	G01	1.3404	DNA55	highschool_hs	highschool	hand_swabs	0	r
366291_008-LP4-ITS-0008	ATAATCTCGTCG	GTGCGAGGACAA	16.10.2024 14:59	ITS	LP4-ITS-0008	1819-d0-l	1819	P1	H01	5.575	DNA55	highschool_hs	highschool	hand_swabs	0	l
366291_009-LP4-ITS-0009	ATATTTAGGTAT	GAGAGTCCACTT	16.10.2024 14:59	ITS	LP4-ITS-0009	1701-d0-l	1701	P1	A02	3.8257	DNA55	highschool_hs	highschool	hand_swabs	0	l
366291_010-LP4-ITS-0010	AGTACTGCAGGC	CTTCGGAGGGAG	16.10.2024 14:59	ITS	LP4-ITS-0010	1707-d0-l	1707	P1	B02	2.7486	DNA55	highschool_hs	highschool	hand_swabs	0	l
366291_011-LP4-ITS-0011	CGGGTGAACCAT	AGCAACATTGCA	16.10.2024 14:59	ITS	LP4-ITS-0011	1713-d0-l	1713	P1	C02	0.4978	DNA55	highschool_hs	highschool	hand_swabs	0	l
366291_012-LP4-ITS-0012	CCTGGTCCACGG	GCTTCATTTCTG	16.10.2024 14:59	ITS	LP4-ITS-0012	1719-d0-l	1719	P1	D02	1.8723	DNA55	highschool_hs	highschool	hand_swabs	0	l
366291_013-LP4-ITS-0013	GATAATAGGGAC	CCACTCTCTCTA	16.10.2024 14:59	ITS	LP4-ITS-0013	1802-d0-r	1802	P1	E02	2.3746	DNA55	highschool_hs	highschool	hand_swabs	0	r
366291_014-LP4-ITS-0014	ATGCCGCGTCGC	GAACAAAGAGCG	16.10.2024 14:59	ITS	LP4-ITS-0014	1808-d0-l	1808	P1	F02	5.9549	DNA55	highschool_hs	highschool	hand_swabs	0	l
366291_015-LP4-ITS-0015	GCATTAACCTGG	AGACAGTAGGAG	16.10.2024 14:59	ITS	LP4-ITS-0015	1814-d0-l	1814	P1	G02	2.9039	DNA55	highschool_hs	highschool	hand_swabs	0	l
366291_016-LP4-ITS-0016	ATAATCTCGTCG	CTTTGATAATAA	16.10.2024 14:59	ITS	LP4-ITS-0016	1821-d0-r	1821	P1	H02	2.3244	DNA55	highschool_hs	highschool	hand_swabs	0	r
366291_017-LP4-ITS-0017	ATATTTAGGTAT	CTAACCTCATAT	16.10.2024 14:59	ITS	LP4-ITS-0017	1702-d0-r	1702	P1	A03	2.7669	DNA55	highschool_hs	highschool	hand_swabs	0	r
366291_018-LP4-ITS-0018	AGTACTGCAGGC	TAAGAAACGTCA	16.10.2024 14:59	ITS	LP4-ITS-0018	1708-d0-r	1708	P1	B03	1.2974	DNA55	highschool_hs	highschool	hand_swabs	0	r
366291_019-LP4-ITS-0019	CGGGTGAACCAT	CAGTGTCATGAA	16.10.2024 14:59	ITS	LP4-ITS-0019	1714-d0-r	1714	P1	C03	2.4353	DNA55	highschool_hs	highschool	hand_swabs	0	r
366291_020-LP4-ITS-0020	CCTGGTCCACGG	CATTCAGTTATA	16.10.2024 14:59	ITS	LP4-ITS-0020	1720-d0-r	1720	P1	D03	1.219	DNA55	highschool_hs	highschool	hand_swabs	0	r
366291_021-LP4-ITS-0021	GATAATAGGGAC	TATCGTTATCGT	16.10.2024 14:59	ITS	LP4-ITS-0021	1802-d0-l	1802	P1	E03	3.6094	DNA55	highschool_hs	highschool	hand_swabs	0	l
366291_022-LP4-ITS-0022	ATGCCGCGTCGC	ATTCGGTAGTGC	16.10.2024 14:59	ITS	LP4-ITS-0022	1809-d0-r	1809	P1	F03	1.4978	DNA55	highschool_hs	highschool	hand_swabs	0	r
366291_023-LP4-ITS-0023	GCATTAACCTGG	ATAGACACTCCG	16.10.2024 14:59	ITS	LP4-ITS-0023	1815-d0-r	1815	P1	G03	5.851	DNA55	highschool_hs	highschool	hand_swabs	0	r
366291_024-LP4-ITS-0024	ATAATCTCGTCG	CATAAATTCTTG	16.10.2024 14:59	ITS	LP4-ITS-0024	1821-d0-l	1821	P1	H03	3.0042	DNA55	highschool_hs	highschool	hand_swabs	0	l
366291_025-LP4-ITS-0025	ATATTTAGGTAT	AGCTTCGACAGT	16.10.2024 14:59	ITS	LP4-ITS-0025	1702-d0-l	1702	P1	A04	0.8561	DNA55	highschool_hs	highschool	hand_swabs	0	l
366291_026-LP4-ITS-0026	AGTACTGCAGGC	TTGCGACAAAGT	16.10.2024 14:59	ITS	LP4-ITS-0026	1708-d0-l	1708	P1	B04	3.1589	DNA55	highschool_hs	highschool	hand_swabs	0	l
366291_027-LP4-ITS-0027	CGGGTGAACCAT	GTTGACCATCGC	16.10.2024 14:59	ITS	LP4-ITS-0027	1714-d0-l	1714	P1	C04	3.1125	DNA55	highschool_hs	highschool	hand_swabs	0	l
366291_028-LP4-ITS-0028	CCTGGTCCACGG	CCAGATATAGCA	16.10.2024 14:59	ITS	LP4-ITS-0028	Positive-Control-P1		P1	D04	9.8368	DNA55	highschool_hs	highschool	control_p		
366291_029-LP4-ITS-0029	GATAATAGGGAC	ATGTATCAATTA	16.10.2024 14:59	ITS	LP4-ITS-0029	1803-d0-r	1803	P1	E04	2.3807	DNA55	highschool_hs	highschool	hand_swabs	0	r
366291_030-LP4-ITS-0030	ATGCCGCGTCGC	CTTGAGAAATCG	16.10.2024 14:59	ITS	LP4-ITS-0030	1809-d0-l	1809	P1	F04	0.8308	DNA55	highschool_hs	highschool	hand_swabs	0	l
366291_031-LP4-ITS-0031	GCATTAACCTGG	ACGGCCCTGGAG	16.10.2024 14:59	ITS	LP4-ITS-0031	1815-d0-l	1815	P1	G04	7.1145	DNA55	highschool_hs	highschool	hand_swabs	0	l
366291_032-LP4-ITS-0032	ATAATCTCGTCG	CTGTAAAGGTTG	16.10.2024 14:59	ITS	LP4-ITS-0032	1822-d0-r	1822	P1	H04	2.9303	DNA55	highschool_hs	highschool	hand_swabs	0	r
366291_033-LP4-ITS-0033	ATATTTAGGTAT	GAGAGGGATCAC	16.10.2024 14:59	ITS	LP4-ITS-0033	1703-d0-r	1703	P1	A05	5.3682	DNA55	highschool_hs	highschool	hand_swabs	0	r
366291_034-LP4-ITS-0034	AGTACTGCAGGC	AGGAACCAGACG	16.10.2024 14:59	ITS	LP4-ITS-0034	1709-d0-r	1709	P1	B05	5.4037	DNA55	highschool_hs	highschool	hand_swabs	0	r
366291_035-LP4-ITS-0035	CGGGTGAACCAT	AGACACCAATGT	16.10.2024 14:59	ITS	LP4-ITS-0035	1715-d0-r	1715	P1	C05	5.8757	DNA55	highschool_hs	highschool	hand_swabs	0	r
366291_036-LP4-ITS-0036	CCTGGTCCACGG	TCATACAGCCAG	16.10.2024 14:59	ITS	LP4-ITS-0036	1720-d0-l	1720	P1	D05	1.77	DNA55	highschool_hs	highschool	hand_swabs	0	l
366291_037-LP4-ITS-0037	GATAATAGGGAC	CAAATGGTCGTC	16.10.2024 14:59	ITS	LP4-ITS-0037	1803-d0-l	1803	P1	E05	0.6617	DNA55	highschool_hs	highschool	hand_swabs	0	l
366291_038-LP4-ITS-0038	ATGCCGCGTCGC	CGAGGGAAAGTC	16.10.2024 14:59	ITS	LP4-ITS-0038	1810-d0-r	1810	P1	F05	4.478	DNA55	highschool_hs	highschool	hand_swabs	0	r
366291_039-LP4-ITS-0039	GCATTAACCTGG	CACAATACACCG	16.10.2024 14:59	ITS	LP4-ITS-0039	1816-d0-r	1816	P1	G05	5.3135	DNA55	highschool_hs	highschool	hand_swabs	0	r
366291_040-LP4-ITS-0040	ATAATCTCGTCG	GGCAGTGTTAAT	16.10.2024 14:59	ITS	LP4-ITS-0040	1822-d0-l	1822	P1	H05	1.0276	DNA55	highschool_hs	highschool	hand_swabs	0	l
366291_041-LP4-ITS-0041	ATATTTAGGTAT	TGGCCGTTACTG	16.10.2024 14:59	ITS	LP4-ITS-0041	1703-d0-l	1703	P1	A06	0.6119	DNA55	highschool_hs	highschool	hand_swabs	0	l
366291_042-LP4-ITS-0042	AGTACTGCAGGC	CGTGGTGGGAAC	16.10.2024 14:59	ITS	LP4-ITS-0042	1709-d0-l	1709	P1	B06	5.2822	DNA55	highschool_hs	highschool	hand_swabs	0	l
366291_043-LP4-ITS-0043	CGGGTGAACCAT	CGCAGATTAGTA	16.10.2024 14:59	ITS	LP4-ITS-0043	1715-d0-l	1715	P1	C06	1.2389	DNA55	highschool_hs	highschool	hand_swabs	0	l
366291_044-LP4-ITS-0044	CCTGGTCCACGG	CTCTTCTGATCA	16.10.2024 14:59	ITS	LP4-ITS-0044	1721-d0-r	1721	P1	D06	1.1986	DNA55	highschool_hs	highschool	hand_swabs	0	r
366291_045-LP4-ITS-0045	GATAATAGGGAC	ACACGCGGTTTA	16.10.2024 14:59	ITS	LP4-ITS-0045	1804-d0-r	1804	P1	E06	2.2181	DNA55	highschool_hs	highschool	hand_swabs	0	r
366291_046-LP4-ITS-0046	ATGCCGCGTCGC	GAATGCGTATAA	16.10.2024 14:59	ITS	LP4-ITS-0046	1810-d0-l	1810	P1	F06	0.6105	DNA55	highschool_hs	highschool	hand_swabs	0	l
366291_047-LP4-ITS-0047	GCATTAACCTGG	GATGCGCAGGAC	16.10.2024 14:59	ITS	LP4-ITS-0047	1816-d0-l	1816	P1	G06	4.6606	DNA55	highschool_hs	highschool	hand_swabs	0	l
366291_048-LP4-ITS-0048	ATAATCTCGTCG	TAGACCGACTCC	16.10.2024 14:59	ITS	LP4-ITS-0048	1823-d0-r	1823	P1	H06	4.1981	DNA55	highschool_hs	highschool	hand_swabs	0	r
366291_049-LP4-ITS-0049	ATATTTAGGTAT	AAGATCGTACTG	16.10.2024 14:59	ITS	LP4-ITS-0049	1704-d0-r	1704	P1	A07	1.0421	DNA55	highschool_hs	highschool	hand_swabs	0	r
366291_050-LP4-ITS-0050	AGTACTGCAGGC	GTCATTGGGCTA	16.10.2024 14:59	ITS	LP4-ITS-0050	1710-d0-r	1710	P1	B07	6.1462	DNA55	highschool_hs	highschool	hand_swabs	0	r
366291_051-LP4-ITS-0051	CGGGTGAACCAT	TCCTAGGTCCGA	16.10.2024 14:59	ITS	LP4-ITS-0051	1716-d0-r	1716	P1	C07	0.2295	DNA55	highschool_hs	highschool	hand_swabs	0	r
366291_052-LP4-ITS-0052	CCTGGTCCACGG	CGCGGCGCAGCT	16.10.2024 14:59	ITS	LP4-ITS-0052	1721-d0-l	1721	P1	D07	0.469	DNA55	highschool_hs	highschool	hand_swabs	0	l
366291_053-LP4-ITS-0053	GATAATAGGGAC	AAGCCGGGTCCG	16.10.2024 14:59	ITS	LP4-ITS-0053	1804-d0-l	1804	P1	E07	0.2768	DNA55	highschool_hs	highschool	hand_swabs	0	l
366291_054-LP4-ITS-0054	ATGCCGCGTCGC	TACCTGTGTCTT	16.10.2024 14:59	ITS	LP4-ITS-0054	1811-d0-r	1811	P1	F07	0.3166	DNA55	highschool_hs	highschool	hand_swabs	0	r
366291_055-LP4-ITS-0055	GCATTAACCTGG	TGAAAGCGGCGA	16.10.2024 14:59	ITS	LP4-ITS-0055	1817-d0-r	1817	P1	G07	4.329	DNA55	highschool_hs	highschool	hand_swabs	0	r
366291_056-LP4-ITS-0056	ATAATCTCGTCG	TGGAATTCGGCT	16.10.2024 14:59	ITS	LP4-ITS-0056	1823-d0-l	1823	P1	H07	2.0972	DNA55	highschool_hs	highschool	hand_swabs	0	l
366291_057-LP4-ITS-0057	ATATTTAGGTAT	ATTTGAAGAGGT	16.10.2024 14:59	ITS	LP4-ITS-0057	1704-d0-l	1704	P1	A08	0.8913	DNA55	highschool_hs	highschool	hand_swabs	0	l
366291_058-LP4-ITS-0058	AGTACTGCAGGC	TCTACGGCACGT	16.10.2024 14:59	ITS	LP4-ITS-0058	1710-d0-l	1710	P1	B08	0.9174	DNA55	highschool_hs	highschool	hand_swabs	0	l
366291_059-LP4-ITS-0059	CGGGTGAACCAT	GGCCTATAAGTC	16.10.2024 14:59	ITS	LP4-ITS-0059	1716-d0-l	1716	P1	C08	0.653	DNA55	highschool_hs	highschool	hand_swabs	0	l
366291_060-LP4-ITS-0060	CCTGGTCCACGG	ATGGATAGCTAA	16.10.2024 14:59	ITS	LP4-ITS-0060	1722-d0-r	1722	P1	D08	0.9867	DNA55	highschool_hs	highschool	hand_swabs	0	r
366291_061-LP4-ITS-0061	GATAATAGGGAC	AGGACGCCAGCA	16.10.2024 14:59	ITS	LP4-ITS-0061	1805-d0-r	1805	P1	E08	1.5068	DNA55	highschool_hs	highschool	hand_swabs	0	r
366291_062-LP4-ITS-0062	ATGCCGCGTCGC	GCTATATCCAGG	16.10.2024 14:59	ITS	LP4-ITS-0062	1811-d0-l	1811	P1	F08	0.9812	DNA55	highschool_hs	highschool	hand_swabs	0	l
366291_063-LP4-ITS-0063	GCATTAACCTGG	AGCACCGGTCTT	16.10.2024 14:59	ITS	LP4-ITS-0063	1817-d0-l	1817	P1	G08	0.6883	DNA55	highschool_hs	highschool	hand_swabs	0	l
366291_064-LP4-ITS-0064	ATAATCTCGTCG	GAAGATCTATCG	16.10.2024 14:59	ITS	LP4-ITS-0064	1824-d0-r	1824	P1	H08	3.3575	DNA55	highschool_hs	highschool	hand_swabs	0	r
366291_065-LP4-ITS-0065	ATATTTAGGTAT	GTCAATTAGTGG	16.10.2024 14:59	ITS	LP4-ITS-0065	1705-d0-r	1705	P1	A09	0.7223	DNA55	highschool_hs	highschool	hand_swabs	0	r
366291_066-LP4-ITS-0066	AGTACTGCAGGC	AGCCCGCAAAGG	16.10.2024 14:59	ITS	LP4-ITS-0066	1711-d0-r	1711	P1	B09	0.6502	DNA55	highschool_hs	highschool	hand_swabs	0	r
366291_067-LP4-ITS-0067	CGGGTGAACCAT	CTCTATTCCACC	16.10.2024 14:59	ITS	LP4-ITS-0067	1717-d0-r	1717	P1	C09	0.6971	DNA55	highschool_hs	highschool	hand_swabs	0	r
366291_068-LP4-ITS-0068	CCTGGTCCACGG	AGAAGGCCTTAT	16.10.2024 14:59	ITS	LP4-ITS-0068	1722-d0-l	1722	P1	D09	1.7395	DNA55	highschool_hs	highschool	hand_swabs	0	l
366291_069-LP4-ITS-0069	GATAATAGGGAC	TTGGAACGGCTT	16.10.2024 14:59	ITS	LP4-ITS-0069	1805-d0-l	1805	P1	E09	0.6634	DNA55	highschool_hs	highschool	hand_swabs	0	l
366291_070-LP4-ITS-0070	ATGCCGCGTCGC	CATGATTAAGAG	16.10.2024 14:59	ITS	LP4-ITS-0070	1812-d0-r	1812	P1	F09	3.4022	DNA55	highschool_hs	highschool	hand_swabs	0	r
366291_071-LP4-ITS-0071	GCATTAACCTGG	ACGCCGAGGTAG	16.10.2024 14:59	ITS	LP4-ITS-0071	Negative-Control-P1		P1	G09	0.0023	DNA55	highschool_hs	highschool	control_n		l
366291_072-LP4-ITS-0072	ATAATCTCGTCG	ATCGCCGCCTTG	16.10.2024 14:59	ITS	LP4-ITS-0072	1824-d0-l	1824	P1	H09	0.8576	DNA55	highschool_hs	highschool	hand_swabs	0	l
366291_073-LP4-ITS-0073	ATATTTAGGTAT	CCTAAGAGCATC	16.10.2024 14:59	ITS	LP4-ITS-0073	1705-d0-l	1705	P1	A10	1.2043	DNA55	highschool_hs	highschool	hand_swabs	0	l
366291_074-LP4-ITS-0074	AGTACTGCAGGC	GAGCGCCGAACA	16.10.2024 14:59	ITS	LP4-ITS-0074	1711-d0-l	1711	P1	B10	0.5029	DNA55	highschool_hs	highschool	hand_swabs	0	l
366291_075-LP4-ITS-0075	CGGGTGAACCAT	CTAGTCGCTGGT	16.10.2024 14:59	ITS	LP4-ITS-0075	1717-d0-l	1717	P1	C10	0.929	DNA55	highschool_hs	highschool	hand_swabs	0	l
366291_076-LP4-ITS-0076	CCTGGTCCACGG	TGGACTCAGCTA	16.10.2024 14:59	ITS	LP4-ITS-0076	1723-d0-r	1723	P1	D10	0.6203	DNA55	highschool_hs	highschool	hand_swabs	0	r
366291_077-LP4-ITS-0077	GATAATAGGGAC	TGTTGCGTTTCT	16.10.2024 14:59	ITS	LP4-ITS-0077	1806-d0-r	1806	P1	E10	2.2191	DNA55	highschool_hs	highschool	hand_swabs	0	r
366291_078-LP4-ITS-0078	ATGCCGCGTCGC	ACCTATGGTGAA	16.10.2024 14:59	ITS	LP4-ITS-0078	1812-d0-l	1812	P1	F10	1.2575	DNA55	highschool_hs	highschool	hand_swabs	0	l
366291_079-LP4-ITS-0079	GCATTAACCTGG	CTCACGCAATGC	16.10.2024 14:59	ITS	LP4-ITS-0079	1818-d0-r	1818	P1	G10	1.22	DNA55	highschool_hs	highschool	hand_swabs	0	r
366291_080-LP4-ITS-0080	ATAATCTCGTCG	TAGTGTCGGATC	16.10.2024 14:59	ITS	LP4-ITS-0080	1825-d0-r	1825	P1	H10	0.6018	DNA55	highschool_hs	highschool	hand_swabs	0	r
366291_081-LP4-ITS-0081	ATATTTAGGTAT	GCAAGAATACAT	16.10.2024 14:59	ITS	LP4-ITS-0081	1706-d0-r	1706	P1	A11	6.5103	DNA55	highschool_hs	highschool	hand_swabs	0	r
366291_082-LP4-ITS-0082	AGTACTGCAGGC	CAGGGTAGGGTA	16.10.2024 14:59	ITS	LP4-ITS-0082	1712-d0-r	1712	P1	B11	2.7225	DNA55	highschool_hs	highschool	hand_swabs	0	r
366291_083-LP4-ITS-0083	CGGGTGAACCAT	AATATCGGGATC	16.10.2024 14:59	ITS	LP4-ITS-0083	1718-d0-r	1718	P1	C11	2.1318	DNA55	highschool_hs	highschool	hand_swabs	0	r
366291_084-LP4-ITS-0084	CCTGGTCCACGG	GCGATGGCGATG	16.10.2024 14:59	ITS	LP4-ITS-0084	1723-d0-l	1723	P1	D11	0.6717	DNA55	highschool_hs	highschool	hand_swabs	0	l
366291_085-LP4-ITS-0085	GATAATAGGGAC	TTATACGTTGTA	16.10.2024 14:59	ITS	LP4-ITS-0085	1806-d0-l	1806	P1	E11	2.9165	DNA55	highschool_hs	highschool	hand_swabs	0	l
366291_086-LP4-ITS-0086	ATGCCGCGTCGC	AATCTAACAATT	16.10.2024 14:59	ITS	LP4-ITS-0086	1813-d0-r	1813	P1	F11	1.7245	DNA55	highschool_hs	highschool	hand_swabs	0	r
366291_087-LP4-ITS-0087	GCATTAACCTGG	ATCGTTATATCA	16.10.2024 14:59	ITS	LP4-ITS-0087	1818-d0-l	1818	P1	G11	2.7512	DNA55	highschool_hs	highschool	hand_swabs	0	l
366291_088-LP4-ITS-0088	ATAATCTCGTCG	TCAAGCAATACG	16.10.2024 14:59	ITS	LP4-ITS-0088	1825-d0-l	1825	P1	H11	3.0534	DNA55	highschool_hs	highschool	hand_swabs	0	l
366291_089-LP4-ITS-0089	ATATTTAGGTAT	GGTAATAGAGTT	16.10.2024 14:59	ITS	LP4-ITS-0089	1706-d0-l	1706	P1	A12	4.5773	DNA55	highschool_hs	highschool	hand_swabs	0	l
366291_090-LP4-ITS-0090	AGTACTGCAGGC	GTAAATTCAGGC	16.10.2024 14:59	ITS	LP4-ITS-0090	1712-d0-l	1712	P1	B12	4.1366	DNA55	highschool_hs	highschool	hand_swabs	0	l
366291_091-LP4-ITS-0091	CGGGTGAACCAT	AAGCCTCTACGA	16.10.2024 14:59	ITS	LP4-ITS-0091	1718-d0-l	1718	P1	C12	2.2132	DNA55	highschool_hs	highschool	hand_swabs	0	l
366291_092-LP4-ITS-0092	CCTGGTCCACGG	TAGGAGAGACAG	16.10.2024 14:59	ITS	LP4-ITS-0092	1724-d0-r	1724	P1	D12	2.522	DNA55	highschool_hs	highschool	hand_swabs	0	r
366291_093-LP4-ITS-0093	GATAATAGGGAC	GGTGTGAGAAAG	16.10.2024 14:59	ITS	LP4-ITS-0093	PCR-Control-P1		P1	E12	0.97	DNA55	highschool_hs	highschool	control_pcr		
366291_094-LP4-ITS-0094	ATGCCGCGTCGC	GTTCCATCGGCC	16.10.2024 14:59	ITS	LP4-ITS-0094	1813-d0-l	1813	P1	F12	4.8704	DNA55	highschool_hs	highschool	hand_swabs	0	l
366291_095-LP4-ITS-0095	GCATTAACCTGG	TACTTAAACATC	16.10.2024 14:59	ITS	LP4-ITS-0095	1819-d0-r	1819	P1	G12	6.5494	DNA55	highschool_hs	highschool	hand_swabs	0	r
366291_096-LP4-ITS-0096	ATAATCTCGTCG	AGGGAGCTTCGG	16.10.2024 14:59	ITS	LP4-ITS-0096	1826-d0-r	1826	P1	H12	3.8397	DNA55	highschool_hs	highschool	hand_swabs	0	r
366291_097-LP4-ITS-0097	AGGGCTTGTAGC	CTACCGATTGCG	16.10.2024 14:59	ITS	LP4-ITS-0097	1826-d0-l	1826	P2	A01	10.6744	DNA56	highschool_hs	highschool	hand_swabs	0	l
366291_098-LP4-ITS-0098	TACTTCGCTCGC	ATTTGCTTTGCC	16.10.2024 14:59	ITS	LP4-ITS-0098	1706-d7-l	1706	P2	B01	21.8407	DNA56	highschool_hs	highschool	hand_swabs	7	l
366291_099-LP4-ITS-0099	TTCACTCAGTAT	GTGACCCTGTCA	16.10.2024 14:59	ITS	LP4-ITS-0099	1713-d7-r	1713	P2	C01	18.2354	DNA56	highschool_hs	highschool	hand_swabs	7	r
366291_100-LP4-ITS-0100	CTTACTTATCGA	GAGAATGGAAAG	16.10.2024 14:59	ITS	LP4-ITS-0100	1721-d7-l	1721	P2	D01	11.8475	DNA56	highschool_hs	highschool	hand_swabs	7	l
366291_101-LP4-ITS-0101	TTAGAAGTACAG	CAGTAGCGATAT	16.10.2024 14:59	ITS	LP4-ITS-0101	1803-d7-l	1803	P2	E01	14.9905	DNA56	highschool_hs	highschool	hand_swabs	7	l
366291_102-LP4-ITS-0102	CTGTGCGGGTAA	GCCAAGGATAGG	16.10.2024 14:59	ITS	LP4-ITS-0102	1809-d7-l	1809	P2	F01	21.9039	DNA56	highschool_hs	highschool	hand_swabs	7	l
366291_103-LP4-ITS-0103	TCACCCGTACGC	TGACGAGGGCTG	16.10.2024 14:59	ITS	LP4-ITS-0103	1815-d7-l	1815	P2	G01	12.3656	DNA56	highschool_hs	highschool	hand_swabs	7	l
366291_104-LP4-ITS-0104	AAGTCTCCTGAG	GTGCGAGGACAA	16.10.2024 14:59	ITS	LP4-ITS-0104	1823-d7-r	1823	P2	H01	5.1642	DNA56	highschool_hs	highschool	hand_swabs	7	r
366291_105-LP4-ITS-0105	AGGGCTTGTAGC	GAGAGTCCACTT	16.10.2024 14:59	ITS	LP4-ITS-0105	1701-d7-r	1701	P2	A02	24.3909	DNA56	highschool_hs	highschool	hand_swabs	7	r
366291_106-LP4-ITS-0106	TACTTCGCTCGC	CTTCGGAGGGAG	16.10.2024 14:59	ITS	LP4-ITS-0106	1707-d7-r	1707	P2	B02	25.689	DNA56	highschool_hs	highschool	hand_swabs	7	r
366291_107-LP4-ITS-0107	TTCACTCAGTAT	AGCAACATTGCA	16.10.2024 14:59	ITS	LP4-ITS-0107	1713-d7-l	1713	P2	C02	11.425	DNA56	highschool_hs	highschool	hand_swabs	7	l
366291_108-LP4-ITS-0108	CTTACTTATCGA	GCTTCATTTCTG	16.10.2024 14:59	ITS	LP4-ITS-0108	1722-d7-r	1722	P2	D02	3.6149	DNA56	highschool_hs	highschool	hand_swabs	7	r
366291_109-LP4-ITS-0109	TTAGAAGTACAG	CCACTCTCTCTA	16.10.2024 14:59	ITS	LP4-ITS-0109	1804-d7-r	1804	P2	E02	6.8979	DNA56	highschool_hs	highschool	hand_swabs	7	r
366291_110-LP4-ITS-0110	CTGTGCGGGTAA	GAACAAAGAGCG	16.10.2024 14:59	ITS	LP4-ITS-0110	1810-d7-r	1810	P2	F02	16.6264	DNA56	highschool_hs	highschool	hand_swabs	7	r
366291_111-LP4-ITS-0111	TCACCCGTACGC	AGACAGTAGGAG	16.10.2024 14:59	ITS	LP4-ITS-0111	1817-d7-r	1817	P2	G02	24.2918	DNA56	highschool_hs	highschool	hand_swabs	7	r
366291_112-LP4-ITS-0112	AAGTCTCCTGAG	CTTTGATAATAA	16.10.2024 14:59	ITS	LP4-ITS-0112	1823-d7-l	1823	P2	H02	3.4001	DNA56	highschool_hs	highschool	hand_swabs	7	l
366291_113-LP4-ITS-0113	AGGGCTTGTAGC	CTAACCTCATAT	16.10.2024 14:59	ITS	LP4-ITS-0113	1701-d7-l	1701	P2	A03	18.3373	DNA56	highschool_hs	highschool	hand_swabs	7	l
366291_114-LP4-ITS-0114	TACTTCGCTCGC	TAAGAAACGTCA	16.10.2024 14:59	ITS	LP4-ITS-0114	Negative-Control-P2		P2	B03	3.3607	DNA56	highschool_hs	highschool	control_n		
366291_115-LP4-ITS-0115	TTCACTCAGTAT	CAGTGTCATGAA	16.10.2024 14:59	ITS	LP4-ITS-0115	1714-d7-r	1714	P2	C03	22.2141	DNA56	highschool_hs	highschool	hand_swabs	7	r
366291_116-LP4-ITS-0116	CTTACTTATCGA	CATTCAGTTATA	16.10.2024 14:59	ITS	LP4-ITS-0116	1722-d7-l	1722	P2	D03	2.2602	DNA56	highschool_hs	highschool	hand_swabs	7	l
366291_117-LP4-ITS-0117	TTAGAAGTACAG	TATCGTTATCGT	16.10.2024 14:59	ITS	LP4-ITS-0117	1804-d7-l	1804	P2	E03	3.4626	DNA56	highschool_hs	highschool	hand_swabs	7	l
366291_118-LP4-ITS-0118	CTGTGCGGGTAA	ATTCGGTAGTGC	16.10.2024 14:59	ITS	LP4-ITS-0118	1810-d7-l	1810	P2	F03	13.1888	DNA56	highschool_hs	highschool	hand_swabs	7	l
366291_119-LP4-ITS-0119	TCACCCGTACGC	ATAGACACTCCG	16.10.2024 14:59	ITS	LP4-ITS-0119	1817-d7-l	1817	P2	G03	8.6678	DNA56	highschool_hs	highschool	hand_swabs	7	l
366291_120-LP4-ITS-0120	AAGTCTCCTGAG	CATAAATTCTTG	16.10.2024 14:59	ITS	LP4-ITS-0120	1701-d14-r	1701	P2	H03	22.2679	DNA56	highschool_hs	highschool	hand_swabs	14	r
366291_121-LP4-ITS-0121	AGGGCTTGTAGC	AGCTTCGACAGT	16.10.2024 14:59	ITS	LP4-ITS-0121	1702-d7-r	1702	P2	A04	14.6748	DNA56	highschool_hs	highschool	hand_swabs	7	r
366291_122-LP4-ITS-0122	TACTTCGCTCGC	TTGCGACAAAGT	16.10.2024 14:59	ITS	LP4-ITS-0122	1707-d7-l	1707	P2	B04	19.4534	DNA56	highschool_hs	highschool	hand_swabs	7	l
366291_123-LP4-ITS-0123	TTCACTCAGTAT	GTTGACCATCGC	16.10.2024 14:59	ITS	LP4-ITS-0123	1714-d7-l	1714	P2	C04	22.4935	DNA56	highschool_hs	highschool	hand_swabs	7	l
366291_124-LP4-ITS-0124	CTTACTTATCGA	CCAGATATAGCA	16.10.2024 14:59	ITS	LP4-ITS-0124	1723-d7-r	1723	P2	D04	4.8333	DNA56	highschool_hs	highschool	hand_swabs	7	r
366291_125-LP4-ITS-0125	TTAGAAGTACAG	ATGTATCAATTA	16.10.2024 14:59	ITS	LP4-ITS-0125	1805-d7-r	1805	P2	E04	6.9587	DNA56	highschool_hs	highschool	hand_swabs	7	r
366291_126-LP4-ITS-0126	CTGTGCGGGTAA	CTTGAGAAATCG	16.10.2024 14:59	ITS	LP4-ITS-0126	1811-d7-r	1811	P2	F04	4.3255	DNA56	highschool_hs	highschool	hand_swabs	7	r
366291_127-LP4-ITS-0127	TCACCCGTACGC	ACGGCCCTGGAG	16.10.2024 14:59	ITS	LP4-ITS-0127	1818-d7-r	1818	P2	G04	21.546	DNA56	highschool_hs	highschool	hand_swabs	7	r
366291_128-LP4-ITS-0128	AAGTCTCCTGAG	CTGTAAAGGTTG	16.10.2024 14:59	ITS	LP4-ITS-0128	1701-d14-l	1701	P2	H04	20.783	DNA56	highschool_hs	highschool	hand_swabs	14	l
366291_129-LP4-ITS-0129	AGGGCTTGTAGC	GAGAGGGATCAC	16.10.2024 14:59	ITS	LP4-ITS-0129	1702-d7-l	1702	P2	A05	15.1729	DNA56	highschool_hs	highschool	hand_swabs	7	l
366291_130-LP4-ITS-0130	TACTTCGCTCGC	AGGAACCAGACG	16.10.2024 14:59	ITS	LP4-ITS-0130	1708-d7-r	1708	P2	B05	14.6109	DNA56	highschool_hs	highschool	hand_swabs	7	r
366291_131-LP4-ITS-0131	TTCACTCAGTAT	AGACACCAATGT	16.10.2024 14:59	ITS	LP4-ITS-0131	1716-d7-r	1716	P2	C05	21.8873	DNA56	highschool_hs	highschool	hand_swabs	7	r
366291_132-LP4-ITS-0132	CTTACTTATCGA	TCATACAGCCAG	16.10.2024 14:59	ITS	LP4-ITS-0132	1723-d7-l	1723	P2	D05	2.2101	DNA56	highschool_hs	highschool	hand_swabs	7	l
366291_133-LP4-ITS-0133	TTAGAAGTACAG	CAAATGGTCGTC	16.10.2024 14:59	ITS	LP4-ITS-0133	1805-d7-l	1805	P2	E05	-0.0141	DNA56	highschool_hs	highschool	hand_swabs	7	l
366291_134-LP4-ITS-0134	CTGTGCGGGTAA	CGAGGGAAAGTC	16.10.2024 14:59	ITS	LP4-ITS-0134	1811-d7-l	1811	P2	F05	20.1944	DNA56	highschool_hs	highschool	hand_swabs	7	l
366291_135-LP4-ITS-0135	TCACCCGTACGC	CACAATACACCG	16.10.2024 14:59	ITS	LP4-ITS-0135	1818-d7-l	1818	P2	G05	24.3719	DNA56	highschool_hs	highschool	hand_swabs	7	l
366291_136-LP4-ITS-0136	AAGTCTCCTGAG	GGCAGTGTTAAT	16.10.2024 14:59	ITS	LP4-ITS-0136	1702-d14-r	1702	P2	H05	6.1763	DNA56	highschool_hs	highschool	hand_swabs	14	r
366291_137-LP4-ITS-0137	AGGGCTTGTAGC	TGGCCGTTACTG	16.10.2024 14:59	ITS	LP4-ITS-0137	1703-d7-r	1703	P2	A06	18.7315	DNA56	highschool_hs	highschool	hand_swabs	7	r
366291_138-LP4-ITS-0138	TACTTCGCTCGC	CGTGGTGGGAAC	16.10.2024 14:59	ITS	LP4-ITS-0138	1708-d7-l	1708	P2	B06	18.5398	DNA56	highschool_hs	highschool	hand_swabs	7	l
366291_139-LP4-ITS-0139	TTCACTCAGTAT	CGCAGATTAGTA	16.10.2024 14:59	ITS	LP4-ITS-0139	1716-d7-l	1716	P2	C06	6.493	DNA56	highschool_hs	highschool	hand_swabs	7	l
366291_140-LP4-ITS-0140	CTTACTTATCGA	CTCTTCTGATCA	16.10.2024 14:59	ITS	LP4-ITS-0140	1724-d7-r	1724	P2	D06	7.4222	DNA56	highschool_hs	highschool	hand_swabs	7	r
366291_141-LP4-ITS-0141	TTAGAAGTACAG	ACACGCGGTTTA	16.10.2024 14:59	ITS	LP4-ITS-0141	1806-d7-r	1806	P2	E06	1.1572	DNA56	highschool_hs	highschool	hand_swabs	7	r
366291_142-LP4-ITS-0142	CTGTGCGGGTAA	GAATGCGTATAA	16.10.2024 14:59	ITS	LP4-ITS-0142	1812-d7-r	1812	P2	F06	8.2782	DNA56	highschool_hs	highschool	hand_swabs	7	r
366291_143-LP4-ITS-0143	TCACCCGTACGC	GATGCGCAGGAC	16.10.2024 14:59	ITS	LP4-ITS-0143	1819-d7-r	1819	P2	G06	24.3346	DNA56	highschool_hs	highschool	hand_swabs	7	r
366291_144-LP4-ITS-0144	AAGTCTCCTGAG	TAGACCGACTCC	16.10.2024 14:59	ITS	LP4-ITS-0144	1702-d14-l	1702	P2	H06	11.1659	DNA56	highschool_hs	highschool	hand_swabs	14	l
366291_145-LP4-ITS-0145	AGGGCTTGTAGC	AAGATCGTACTG	16.10.2024 14:59	ITS	LP4-ITS-0145	1703-d7-l	1703	P2	A07	11.4792	DNA56	highschool_hs	highschool	hand_swabs	7	l
366291_146-LP4-ITS-0146	TACTTCGCTCGC	GTCATTGGGCTA	16.10.2024 14:59	ITS	LP4-ITS-0146	1709-d7-r	1709	P2	B07	1.0298	DNA56	highschool_hs	highschool	hand_swabs	7	r
366291_147-LP4-ITS-0147	TTCACTCAGTAT	TCCTAGGTCCGA	16.10.2024 14:59	ITS	LP4-ITS-0147	1717-d7-r	1717	P2	C07	3.532	DNA56	highschool_hs	highschool	hand_swabs	7	r
366291_148-LP4-ITS-0148	CTTACTTATCGA	CGCGGCGCAGCT	16.10.2024 14:59	ITS	LP4-ITS-0148	1724-d7-l	1724	P2	D07	12.5867	DNA56	highschool_hs	highschool	hand_swabs	7	l
366291_149-LP4-ITS-0149	TTAGAAGTACAG	AAGCCGGGTCCG	16.10.2024 14:59	ITS	LP4-ITS-0149	1806-d7-l	1806	P2	E07	4.0581	DNA56	highschool_hs	highschool	hand_swabs	7	l
366291_150-LP4-ITS-0150	CTGTGCGGGTAA	TACCTGTGTCTT	16.10.2024 14:59	ITS	LP4-ITS-0150	1812-d7-l	1812	P2	F07	17.3929	DNA56	highschool_hs	highschool	hand_swabs	7	l
366291_151-LP4-ITS-0151	TCACCCGTACGC	TGAAAGCGGCGA	16.10.2024 14:59	ITS	LP4-ITS-0151	PCR-Control-P2		P2	G07	1.2011	DNA56	highschool_hs	highschool	control_pcr		
366291_152-LP4-ITS-0152	AAGTCTCCTGAG	TGGAATTCGGCT	16.10.2024 14:59	ITS	LP4-ITS-0152	1703-d14-r	1703	P2	H07	24.8179	DNA56	highschool_hs	highschool	hand_swabs	14	r
366291_153-LP4-ITS-0153	AGGGCTTGTAGC	ATTTGAAGAGGT	16.10.2024 14:59	ITS	LP4-ITS-0153	1704-d7-r	1704	P2	A08	7.5794	DNA56	highschool_hs	highschool	hand_swabs	7	r
366291_154-LP4-ITS-0154	TACTTCGCTCGC	TCTACGGCACGT	16.10.2024 14:59	ITS	LP4-ITS-0154	1709-d7-l	1709	P2	B08	2.3579	DNA56	highschool_hs	highschool	hand_swabs	7	l
366291_155-LP4-ITS-0155	TTCACTCAGTAT	GGCCTATAAGTC	16.10.2024 14:59	ITS	LP4-ITS-0155	1717-d7-l	1717	P2	C08	9.1041	DNA56	highschool_hs	highschool	hand_swabs	7	l
366291_156-LP4-ITS-0156	CTTACTTATCGA	ATGGATAGCTAA	16.10.2024 14:59	ITS	LP4-ITS-0156	1801-d7-r	1801	P2	D08	6.3973	DNA56	highschool_hs	highschool	hand_swabs	7	r
366291_157-LP4-ITS-0157	TTAGAAGTACAG	AGGACGCCAGCA	16.10.2024 14:59	ITS	LP4-ITS-0157	1807-d7-r	1807	P2	E08	0.8253	DNA56	highschool_hs	highschool	hand_swabs	7	r
366291_158-LP4-ITS-0158	CTGTGCGGGTAA	GCTATATCCAGG	16.10.2024 14:59	ITS	LP4-ITS-0158	1813-d7-r	1813	P2	F08	15.5743	DNA56	highschool_hs	highschool	hand_swabs	7	r
366291_159-LP4-ITS-0159	TCACCCGTACGC	AGCACCGGTCTT	16.10.2024 14:59	ITS	LP4-ITS-0159	1819-d7-l	1819	P2	G08	14.348	DNA56	highschool_hs	highschool	hand_swabs	7	l
366291_160-LP4-ITS-0160	AAGTCTCCTGAG	GAAGATCTATCG	16.10.2024 14:59	ITS	LP4-ITS-0160	1703-d14-l	1703	P2	H08	29.2286	DNA56	highschool_hs	highschool	hand_swabs	14	l
366291_161-LP4-ITS-0161	AGGGCTTGTAGC	GTCAATTAGTGG	16.10.2024 14:59	ITS	LP4-ITS-0161	1704-d7-l	1704	P2	A09	7.5549	DNA56	highschool_hs	highschool	hand_swabs	7	l
366291_162-LP4-ITS-0162	TACTTCGCTCGC	AGCCCGCAAAGG	16.10.2024 14:59	ITS	LP4-ITS-0162	1710-d7-r	1710	P2	B09	2.9901	DNA56	highschool_hs	highschool	hand_swabs	7	r
366291_163-LP4-ITS-0163	TTCACTCAGTAT	CTCTATTCCACC	16.10.2024 14:59	ITS	LP4-ITS-0163	Positive-Control-P2		P2	C09	31.1589	DNA56	highschool_hs	highschool	control_p		
366291_164-LP4-ITS-0164	CTTACTTATCGA	AGAAGGCCTTAT	16.10.2024 14:59	ITS	LP4-ITS-0164	1801-d7-l	1801	P2	D09	1.189	DNA56	highschool_hs	highschool	hand_swabs	7	l
366291_165-LP4-ITS-0165	TTAGAAGTACAG	TTGGAACGGCTT	16.10.2024 14:59	ITS	LP4-ITS-0165	1807-d7-l	1807	P2	E09	2.9134	DNA56	highschool_hs	highschool	hand_swabs	7	l
366291_166-LP4-ITS-0166	CTGTGCGGGTAA	CATGATTAAGAG	16.10.2024 14:59	ITS	LP4-ITS-0166	1813-d7-l	1813	P2	F09	22.9958	DNA56	highschool_hs	highschool	hand_swabs	7	l
366291_167-LP4-ITS-0167	TCACCCGTACGC	ACGCCGAGGTAG	16.10.2024 14:59	ITS	LP4-ITS-0167	1821-d7-r	1821	P2	G09	8.4025	DNA56	highschool_hs	highschool	hand_swabs	7	r
366291_168-LP4-ITS-0168	AAGTCTCCTGAG	ATCGCCGCCTTG	16.10.2024 14:59	ITS	LP4-ITS-0168	1704-d14-r	1704	P2	H09	6.4737	DNA56	highschool_hs	highschool	hand_swabs	14	r
366291_169-LP4-ITS-0169	AGGGCTTGTAGC	CCTAAGAGCATC	16.10.2024 14:59	ITS	LP4-ITS-0169	1705-d7-r	1705	P2	A10	16.1373	DNA56	highschool_hs	highschool	hand_swabs	7	r
366291_170-LP4-ITS-0170	TACTTCGCTCGC	GAGCGCCGAACA	16.10.2024 14:59	ITS	LP4-ITS-0170	1710-d7-l	1710	P2	B10	17.3145	DNA56	highschool_hs	highschool	hand_swabs	7	l
366291_171-LP4-ITS-0171	TTCACTCAGTAT	CTAGTCGCTGGT	16.10.2024 14:59	ITS	LP4-ITS-0171	1718-d7-r	1718	P2	C10	3.3807	DNA56	highschool_hs	highschool	hand_swabs	7	r
366291_172-LP4-ITS-0172	CTTACTTATCGA	TGGACTCAGCTA	16.10.2024 14:59	ITS	LP4-ITS-0172	1802-d7-r	1802	P2	D10	4.4146	DNA56	highschool_hs	highschool	hand_swabs	7	r
366291_173-LP4-ITS-0173	TTAGAAGTACAG	TGTTGCGTTTCT	16.10.2024 14:59	ITS	LP4-ITS-0173	1808-d7-r	1808	P2	E10	25.6618	DNA56	highschool_hs	highschool	hand_swabs	7	r
366291_174-LP4-ITS-0174	CTGTGCGGGTAA	ACCTATGGTGAA	16.10.2024 14:59	ITS	LP4-ITS-0174	1814-d7-r	1814	P2	F10	18.2562	DNA56	highschool_hs	highschool	hand_swabs	7	r
366291_175-LP4-ITS-0175	TCACCCGTACGC	CTCACGCAATGC	16.10.2024 14:59	ITS	LP4-ITS-0175	1821-d7-l	1821	P2	G10	20.4855	DNA56	highschool_hs	highschool	hand_swabs	7	l
366291_176-LP4-ITS-0176	AAGTCTCCTGAG	TAGTGTCGGATC	16.10.2024 14:59	ITS	LP4-ITS-0176	1704-d14-l	1704	P2	H10	10.9635	DNA56	highschool_hs	highschool	hand_swabs	14	l
366291_177-LP4-ITS-0177	AGGGCTTGTAGC	GCAAGAATACAT	16.10.2024 14:59	ITS	LP4-ITS-0177	1705-d7-l	1705	P2	A11	11.8969	DNA56	highschool_hs	highschool	hand_swabs	7	l
366291_178-LP4-ITS-0178	TACTTCGCTCGC	CAGGGTAGGGTA	16.10.2024 14:59	ITS	LP4-ITS-0178	1711-d7-r	1711	P2	B11	23.4586	DNA56	highschool_hs	highschool	hand_swabs	7	r
366291_179-LP4-ITS-0179	TTCACTCAGTAT	AATATCGGGATC	16.10.2024 14:59	ITS	LP4-ITS-0179	1718-d7-l	1718	P2	C11	6.4927	DNA56	highschool_hs	highschool	hand_swabs	7	l
366291_180-LP4-ITS-0180	CTTACTTATCGA	GCGATGGCGATG	16.10.2024 14:59	ITS	LP4-ITS-0180	1802-d7-l	1802	P2	D11	10.1608	DNA56	highschool_hs	highschool	hand_swabs	7	l
366291_181-LP4-ITS-0181	TTAGAAGTACAG	TTATACGTTGTA	16.10.2024 14:59	ITS	LP4-ITS-0181	1808-d7-l	1808	P2	E11	2.0135	DNA56	highschool_hs	highschool	hand_swabs	7	l
366291_182-LP4-ITS-0182	CTGTGCGGGTAA	AATCTAACAATT	16.10.2024 14:59	ITS	LP4-ITS-0182	1814-d7-l	1814	P2	F11	11.7324	DNA56	highschool_hs	highschool	hand_swabs	7	l
366291_183-LP4-ITS-0183	TCACCCGTACGC	ATCGTTATATCA	16.10.2024 14:59	ITS	LP4-ITS-0183	1822-d7-r	1822	P2	G11	14.7636	DNA56	highschool_hs	highschool	hand_swabs	7	r
366291_184-LP4-ITS-0184	AAGTCTCCTGAG	TCAAGCAATACG	16.10.2024 14:59	ITS	LP4-ITS-0184	1705-d14-r	1705	P2	H11	29.1734	DNA56	highschool_hs	highschool	hand_swabs	14	r
366291_185-LP4-ITS-0185	AGGGCTTGTAGC	GGTAATAGAGTT	16.10.2024 14:59	ITS	LP4-ITS-0185	1706-d7-r	1706	P2	A12	14.5062	DNA56	highschool_hs	highschool	hand_swabs	7	r
366291_186-LP4-ITS-0186	TACTTCGCTCGC	GTAAATTCAGGC	16.10.2024 14:59	ITS	LP4-ITS-0186	1711-d7-l	1711	P2	B12	18.9819	DNA56	highschool_hs	highschool	hand_swabs	7	l
366291_187-LP4-ITS-0187	TTCACTCAGTAT	AAGCCTCTACGA	16.10.2024 14:59	ITS	LP4-ITS-0187	1721-d7-r	1721	P2	C12	20.4893	DNA56	highschool_hs	highschool	hand_swabs	7	r
366291_188-LP4-ITS-0188	CTTACTTATCGA	TAGGAGAGACAG	16.10.2024 14:59	ITS	LP4-ITS-0188	1803-d7-r	1803	P2	D12	20.3622	DNA56	highschool_hs	highschool	hand_swabs	7	r
366291_189-LP4-ITS-0189	TTAGAAGTACAG	GGTGTGAGAAAG	16.10.2024 14:59	ITS	LP4-ITS-0189	1809-d7-r	1809	P2	E12	22.8693	DNA56	highschool_hs	highschool	hand_swabs	7	r
366291_190-LP4-ITS-0190	CTGTGCGGGTAA	GTTCCATCGGCC	16.10.2024 14:59	ITS	LP4-ITS-0190	1815-d7-r	1815	P2	F12	11.8723	DNA56	highschool_hs	highschool	hand_swabs	7	r
366291_191-LP4-ITS-0191	TCACCCGTACGC	TACTTAAACATC	16.10.2024 14:59	ITS	LP4-ITS-0191	1822-d7-l	1822	P2	G12	9.4122	DNA56	highschool_hs	highschool	hand_swabs	7	l
366291_192-LP4-ITS-0192	AAGTCTCCTGAG	AGGGAGCTTCGG	16.10.2024 14:59	ITS	LP4-ITS-0192	1705-d14-l	1705	P2	H12	34.9071	DNA56	highschool_hs	highschool	hand_swabs	14	l
366291_193-LP4-ITS-0193	TCCCGGGTGGCT	CTACCGATTGCG	16.10.2024 14:59	ITS	LP4-ITS-0193	1707-d14-r	1707	P3	A01	16.8269	DNA57	highschool_hs	highschool	hand_swabs	14	r
366291_194-LP4-ITS-0194	GGCGCCAGAGAT	ATTTGCTTTGCC	16.10.2024 14:59	ITS	LP4-ITS-0194	1713-d14-r	1713	P3	B01	5.5915	DNA57	highschool_hs	highschool	hand_swabs	14	r
366291_195-LP4-ITS-0195	CATAGCGAGTTC	GTGACCCTGTCA	16.10.2024 14:59	ITS	LP4-ITS-0195	1719-d14-l	1719	P3	C01	4.2772	DNA57	highschool_hs	highschool	hand_swabs	14	l
366291_196-LP4-ITS-0196	GTTATAGAGATT	GAGAATGGAAAG	16.10.2024 14:59	ITS	LP4-ITS-0196	1801-d14-l	1801	P3	D01	0.5826	DNA57	highschool_hs	highschool	hand_swabs	14	l
366291_197-LP4-ITS-0197	CAAGCATGCCTA	CAGTAGCGATAT	16.10.2024 14:59	ITS	LP4-ITS-0197	1807-d14-l	1807	P3	E01	0.3809	DNA57	highschool_hs	highschool	hand_swabs	14	l
366291_198-LP4-ITS-0198	GCTGCAAATCTT	GCCAAGGATAGG	16.10.2024 14:59	ITS	LP4-ITS-0198	1813-d14-l	1813	P3	F01	1.042	DNA57	highschool_hs	highschool	hand_swabs	14	l
366291_199-LP4-ITS-0199	TCGCTGTAACAG	TGACGAGGGCTG	16.10.2024 14:59	ITS	LP4-ITS-0199	1819-d14-r	1819	P3	G01	3.982	DNA57	highschool_hs	highschool	hand_swabs	14	r
366291_200-LP4-ITS-0200	TTGCTCAGGATG	GTGCGAGGACAA	16.10.2024 14:59	ITS	LP4-ITS-0200	1704-d21-r	1704	P3	H01	1.0013	DNA57	highschool_hs	highschool	hand_swabs	21	r
366291_201-LP4-ITS-0201	TCCCGGGTGGCT	GAGAGTCCACTT	16.10.2024 14:59	ITS	LP4-ITS-0201	1707-d14-l	1707	P3	A02	6.1774	DNA57	highschool_hs	highschool	hand_swabs	14	l
366291_202-LP4-ITS-0202	GGCGCCAGAGAT	CTTCGGAGGGAG	16.10.2024 14:59	ITS	LP4-ITS-0202	1713-d14-l	1713	P3	B02	1.3056	DNA57	highschool_hs	highschool	hand_swabs	14	l
366291_203-LP4-ITS-0203	CATAGCGAGTTC	AGCAACATTGCA	16.10.2024 14:59	ITS	LP4-ITS-0203	1720-d14-r	1720	P3	C02	1.8935	DNA57	highschool_hs	highschool	hand_swabs	14	r
366291_204-LP4-ITS-0204	GTTATAGAGATT	GCTTCATTTCTG	16.10.2024 14:59	ITS	LP4-ITS-0204	1802-d14-r	1802	P3	D02	1.5759	DNA57	highschool_hs	highschool	hand_swabs	14	r
366291_205-LP4-ITS-0205	CAAGCATGCCTA	CCACTCTCTCTA	16.10.2024 14:59	ITS	LP4-ITS-0205	1808-d14-r	1808	P3	E02	0.279	DNA57	highschool_hs	highschool	hand_swabs	14	r
366291_206-LP4-ITS-0206	GCTGCAAATCTT	GAACAAAGAGCG	16.10.2024 14:59	ITS	LP4-ITS-0206	PCR-Control-P3		P3	F02	0.0275	DNA57	highschool_hs	highschool	control_pcr		
366291_207-LP4-ITS-0207	TCGCTGTAACAG	AGACAGTAGGAG	16.10.2024 14:59	ITS	LP4-ITS-0207	1819-d14-l	1819	P3	G02	1.9942	DNA57	highschool_hs	highschool	hand_swabs	14	l
366291_208-LP4-ITS-0208	TTGCTCAGGATG	CTTTGATAATAA	16.10.2024 14:59	ITS	LP4-ITS-0208	1704-d21-l	1704	P3	H02	1.5135	DNA57	highschool_hs	highschool	hand_swabs	21	l
366291_209-LP4-ITS-0209	TCCCGGGTGGCT	CTAACCTCATAT	16.10.2024 14:59	ITS	LP4-ITS-0209	1708-d14-r	1708	P3	A03	1.8149	DNA57	highschool_hs	highschool	hand_swabs	14	r
366291_210-LP4-ITS-0210	GGCGCCAGAGAT	TAAGAAACGTCA	16.10.2024 14:59	ITS	LP4-ITS-0210	1714-d14-r	1714	P3	B03	3.5471	DNA57	highschool_hs	highschool	hand_swabs	14	r
366291_211-LP4-ITS-0211	CATAGCGAGTTC	CAGTGTCATGAA	16.10.2024 14:59	ITS	LP4-ITS-0211	1720-d14-l	1720	P3	C03	0.3971	DNA57	highschool_hs	highschool	hand_swabs	14	l
366291_212-LP4-ITS-0212	GTTATAGAGATT	CATTCAGTTATA	16.10.2024 14:59	ITS	LP4-ITS-0212	1802-d14-l	1802	P3	D03	0.8312	DNA57	highschool_hs	highschool	hand_swabs	14	l
366291_213-LP4-ITS-0213	CAAGCATGCCTA	TATCGTTATCGT	16.10.2024 14:59	ITS	LP4-ITS-0213	1808-d14-l	1808	P3	E03	0.0907	DNA57	highschool_hs	highschool	hand_swabs	14	l
366291_214-LP4-ITS-0214	GCTGCAAATCTT	ATTCGGTAGTGC	16.10.2024 14:59	ITS	LP4-ITS-0214	1814-d14-r	1814	P3	F03	0.6416	DNA57	highschool_hs	highschool	hand_swabs	14	r
366291_215-LP4-ITS-0215	TCGCTGTAACAG	ATAGACACTCCG	16.10.2024 14:59	ITS	LP4-ITS-0215	1821-d14-r	1821	P3	G03	0.785	DNA57	highschool_hs	highschool	hand_swabs	14	r
366291_216-LP4-ITS-0216	TTGCTCAGGATG	CATAAATTCTTG	16.10.2024 14:59	ITS	LP4-ITS-0216	1707-d21-r	1707	P3	H03	20.1753	DNA57	highschool_hs	highschool	hand_swabs	21	r
366291_217-LP4-ITS-0217	TCCCGGGTGGCT	AGCTTCGACAGT	16.10.2024 14:59	ITS	LP4-ITS-0217	1708-d14-l	1708	P3	A04	1.7422	DNA57	highschool_hs	highschool	hand_swabs	14	l
366291_218-LP4-ITS-0218	GGCGCCAGAGAT	TTGCGACAAAGT	16.10.2024 14:59	ITS	LP4-ITS-0218	1714-d14-l	1714	P3	B04	10.0143	DNA57	highschool_hs	highschool	hand_swabs	14	l
366291_219-LP4-ITS-0219	CATAGCGAGTTC	GTTGACCATCGC	16.10.2024 14:59	ITS	LP4-ITS-0219	1721-d14-r	1721	P3	C04	1.7605	DNA57	highschool_hs	highschool	hand_swabs	14	r
366291_220-LP4-ITS-0220	GTTATAGAGATT	CCAGATATAGCA	16.10.2024 14:59	ITS	LP4-ITS-0220	1803-d14-r	1803	P3	D04	1.0478	DNA57	highschool_hs	highschool	hand_swabs	14	r
366291_221-LP4-ITS-0221	CAAGCATGCCTA	ATGTATCAATTA	16.10.2024 14:59	ITS	LP4-ITS-0221	1809-d14-r	1809	P3	E04	0.9979	DNA57	highschool_hs	highschool	hand_swabs	14	r
366291_222-LP4-ITS-0222	GCTGCAAATCTT	CTTGAGAAATCG	16.10.2024 14:59	ITS	LP4-ITS-0222	1814-d14-l	1814	P3	F04	1.5085	DNA57	highschool_hs	highschool	hand_swabs	14	l
366291_223-LP4-ITS-0223	TCGCTGTAACAG	ACGGCCCTGGAG	16.10.2024 14:59	ITS	LP4-ITS-0223	1821-d14-l	1821	P3	G04	0.8237	DNA57	highschool_hs	highschool	hand_swabs	14	l
366291_224-LP4-ITS-0224	TTGCTCAGGATG	CTGTAAAGGTTG	16.10.2024 14:59	ITS	LP4-ITS-0224	1707-d21-l	1707	P3	H04	10.2409	DNA57	highschool_hs	highschool	hand_swabs	21	l
366291_225-LP4-ITS-0225	TCCCGGGTGGCT	GAGAGGGATCAC	16.10.2024 14:59	ITS	LP4-ITS-0225	1709-d14-r	1709	P3	A05	0.3759	DNA57	highschool_hs	highschool	hand_swabs	14	r
366291_226-LP4-ITS-0226	GGCGCCAGAGAT	AGGAACCAGACG	16.10.2024 14:59	ITS	LP4-ITS-0226	Negative-Control-P3		P3	B05	0.0653	DNA57	highschool_hs	highschool	control_n		
366291_227-LP4-ITS-0227	CATAGCGAGTTC	AGACACCAATGT	16.10.2024 14:59	ITS	LP4-ITS-0227	1721-d14-l	1721	P3	C05	0.5198	DNA57	highschool_hs	highschool	hand_swabs	14	l
366291_228-LP4-ITS-0228	GTTATAGAGATT	TCATACAGCCAG	16.10.2024 14:59	ITS	LP4-ITS-0228	1803-d14-l	1803	P3	D05	0.6632	DNA57	highschool_hs	highschool	hand_swabs	14	l
366291_229-LP4-ITS-0229	CAAGCATGCCTA	CAAATGGTCGTC	16.10.2024 14:59	ITS	LP4-ITS-0229	1809-d14-l	1809	P3	E05	-0.074	DNA57	highschool_hs	highschool	hand_swabs	14	l
366291_230-LP4-ITS-0230	GCTGCAAATCTT	CGAGGGAAAGTC	16.10.2024 14:59	ITS	LP4-ITS-0230	1815-d14-r	1815	P3	F05	0.8532	DNA57	highschool_hs	highschool	hand_swabs	14	r
366291_231-LP4-ITS-0231	TCGCTGTAACAG	CACAATACACCG	16.10.2024 14:59	ITS	LP4-ITS-0231	1822-d14-r	1822	P3	G05	0.1489	DNA57	highschool_hs	highschool	hand_swabs	14	r
366291_232-LP4-ITS-0232	TTGCTCAGGATG	GGCAGTGTTAAT	16.10.2024 14:59	ITS	LP4-ITS-0232	1708-d21-r	1708	P3	H05	1.1676	DNA57	highschool_hs	highschool	hand_swabs	21	r
366291_233-LP4-ITS-0233	TCCCGGGTGGCT	TGGCCGTTACTG	16.10.2024 14:59	ITS	LP4-ITS-0233	1709-d14-l	1709	P3	A06	0.1007	DNA57	highschool_hs	highschool	hand_swabs	14	l
366291_234-LP4-ITS-0234	GGCGCCAGAGAT	CGTGGTGGGAAC	16.10.2024 14:59	ITS	LP4-ITS-0234	1716-d14-r	1716	P3	B06	0.2994	DNA57	highschool_hs	highschool	hand_swabs	14	r
366291_235-LP4-ITS-0235	CATAGCGAGTTC	CGCAGATTAGTA	16.10.2024 14:59	ITS	LP4-ITS-0235	1722-d14-r	1722	P3	C06	0.1913	DNA57	highschool_hs	highschool	hand_swabs	14	r
366291_236-LP4-ITS-0236	GTTATAGAGATT	CTCTTCTGATCA	16.10.2024 14:59	ITS	LP4-ITS-0236	1804-d14-r	1804	P3	D06	0.7929	DNA57	highschool_hs	highschool	hand_swabs	14	r
366291_237-LP4-ITS-0237	CAAGCATGCCTA	ACACGCGGTTTA	16.10.2024 14:59	ITS	LP4-ITS-0237	1810-d14-r	1810	P3	E06	-0.0108	DNA57	highschool_hs	highschool	hand_swabs	14	r
366291_238-LP4-ITS-0238	GCTGCAAATCTT	GAATGCGTATAA	16.10.2024 14:59	ITS	LP4-ITS-0238	1815-d14-l	1815	P3	F06	0.0607	DNA57	highschool_hs	highschool	hand_swabs	14	l
366291_239-LP4-ITS-0239	TCGCTGTAACAG	GATGCGCAGGAC	16.10.2024 14:59	ITS	LP4-ITS-0239	1822-d14-l	1822	P3	G06	0.0745	DNA57	highschool_hs	highschool	hand_swabs	14	l
366291_240-LP4-ITS-0240	TTGCTCAGGATG	TAGACCGACTCC	16.10.2024 14:59	ITS	LP4-ITS-0240	1708-d21-l	1708	P3	H06	0.6017	DNA57	highschool_hs	highschool	hand_swabs	21	l
366291_241-LP4-ITS-0241	TCCCGGGTGGCT	AAGATCGTACTG	16.10.2024 14:59	ITS	LP4-ITS-0241	1710-d14-r	1710	P3	A07	0.5801	DNA57	highschool_hs	highschool	hand_swabs	14	r
366291_242-LP4-ITS-0242	GGCGCCAGAGAT	GTCATTGGGCTA	16.10.2024 14:59	ITS	LP4-ITS-0242	1716-d14-l	1716	P3	B07	0.5884	DNA57	highschool_hs	highschool	hand_swabs	14	l
366291_243-LP4-ITS-0243	CATAGCGAGTTC	TCCTAGGTCCGA	16.10.2024 14:59	ITS	LP4-ITS-0243	1722-d14-l	1722	P3	C07	0.2645	DNA57	highschool_hs	highschool	hand_swabs	14	l
366291_244-LP4-ITS-0244	GTTATAGAGATT	CGCGGCGCAGCT	16.10.2024 14:59	ITS	LP4-ITS-0244	1804-d14-l	1804	P3	D07	0.4786	DNA57	highschool_hs	highschool	hand_swabs	14	l
366291_245-LP4-ITS-0245	CAAGCATGCCTA	AAGCCGGGTCCG	16.10.2024 14:59	ITS	LP4-ITS-0245	1810-d14-l	1810	P3	E07	0.0686	DNA57	highschool_hs	highschool	hand_swabs	14	l
366291_246-LP4-ITS-0246	GCTGCAAATCTT	TACCTGTGTCTT	16.10.2024 14:59	ITS	LP4-ITS-0246	1816-d14-r	1816	P3	F07	0.4121	DNA57	highschool_hs	highschool	hand_swabs	14	r
366291_247-LP4-ITS-0247	TCGCTGTAACAG	TGAAAGCGGCGA	16.10.2024 14:59	ITS	LP4-ITS-0247	1701-d21-r	1701	P3	G07	3.3001	DNA57	highschool_hs	highschool	hand_swabs	21	r
366291_248-LP4-ITS-0248	TTGCTCAGGATG	TGGAATTCGGCT	16.10.2024 14:59	ITS	LP4-ITS-0248	1709-d21-r	1709	P3	H07	0.331	DNA57	highschool_hs	highschool	hand_swabs	21	r
366291_249-LP4-ITS-0249	TCCCGGGTGGCT	ATTTGAAGAGGT	16.10.2024 14:59	ITS	LP4-ITS-0249	1710-d14-l	1710	P3	A08	1.3971	DNA57	highschool_hs	highschool	hand_swabs	14	l
366291_250-LP4-ITS-0250	GGCGCCAGAGAT	TCTACGGCACGT	16.10.2024 14:59	ITS	LP4-ITS-0250	1717-d14-r	1717	P3	B08	0.3006	DNA57	highschool_hs	highschool	hand_swabs	14	r
366291_251-LP4-ITS-0251	CATAGCGAGTTC	GGCCTATAAGTC	16.10.2024 14:59	ITS	LP4-ITS-0251	1723-d14-r	1723	P3	C08	0.3406	DNA57	highschool_hs	highschool	hand_swabs	14	r
366291_252-LP4-ITS-0252	GTTATAGAGATT	ATGGATAGCTAA	16.10.2024 14:59	ITS	LP4-ITS-0252	1805-d14-r	1805	P3	D08	0.6956	DNA57	highschool_hs	highschool	hand_swabs	14	r
366291_253-LP4-ITS-0253	CAAGCATGCCTA	AGGACGCCAGCA	16.10.2024 14:59	ITS	LP4-ITS-0253	1811-d14-r	1811	P3	E08	0.6154	DNA57	highschool_hs	highschool	hand_swabs	14	r
366291_254-LP4-ITS-0254	GCTGCAAATCTT	GCTATATCCAGG	16.10.2024 14:59	ITS	LP4-ITS-0254	1816-d14-l	1816	P3	F08	0.4033	DNA57	highschool_hs	highschool	hand_swabs	14	l
366291_255-LP4-ITS-0255	TCGCTGTAACAG	AGCACCGGTCTT	16.10.2024 14:59	ITS	LP4-ITS-0255	1701-d21-l	1701	P3	G08	0.8595	DNA57	highschool_hs	highschool	hand_swabs	21	l
366291_256-LP4-ITS-0256	TTGCTCAGGATG	GAAGATCTATCG	16.10.2024 14:59	ITS	LP4-ITS-0256	1709-d21-l	1709	P3	H08	0.4749	DNA57	highschool_hs	highschool	hand_swabs	21	l
366291_257-LP4-ITS-0257	TCCCGGGTGGCT	GTCAATTAGTGG	16.10.2024 14:59	ITS	LP4-ITS-0257	1711-d14-r	1711	P3	A09	1.2919	DNA57	highschool_hs	highschool	hand_swabs	14	r
366291_258-LP4-ITS-0258	GGCGCCAGAGAT	AGCCCGCAAAGG	16.10.2024 14:59	ITS	LP4-ITS-0258	1717-d14-l	1717	P3	B09	0.3073	DNA57	highschool_hs	highschool	hand_swabs	14	l
366291_259-LP4-ITS-0259	CATAGCGAGTTC	CTCTATTCCACC	16.10.2024 14:59	ITS	LP4-ITS-0259	1723-d14-l	1723	P3	C09	0.3946	DNA57	highschool_hs	highschool	hand_swabs	14	l
366291_260-LP4-ITS-0260	GTTATAGAGATT	AGAAGGCCTTAT	16.10.2024 14:59	ITS	LP4-ITS-0260	1805-d14-l	1805	P3	D09	0.5397	DNA57	highschool_hs	highschool	hand_swabs	14	l
366291_261-LP4-ITS-0261	CAAGCATGCCTA	TTGGAACGGCTT	16.10.2024 14:59	ITS	LP4-ITS-0261	1811-d14-l	1811	P3	E09	0.2799	DNA57	highschool_hs	highschool	hand_swabs	14	l
366291_262-LP4-ITS-0262	GCTGCAAATCTT	CATGATTAAGAG	16.10.2024 14:59	ITS	LP4-ITS-0262	1817-d14-r	1817	P3	F09	0.4703	DNA57	highschool_hs	highschool	hand_swabs	14	r
366291_263-LP4-ITS-0263	TCGCTGTAACAG	ACGCCGAGGTAG	16.10.2024 14:59	ITS	LP4-ITS-0263	1702-d21-r	1702	P3	G09	0.3298	DNA57	highschool_hs	highschool	hand_swabs	21	r
366291_264-LP4-ITS-0264	TTGCTCAGGATG	ATCGCCGCCTTG	16.10.2024 14:59	ITS	LP4-ITS-0264	1710-d21-r	1710	P3	H09	3.0997	DNA57	highschool_hs	highschool	hand_swabs	21	r
366291_265-LP4-ITS-0265	TCCCGGGTGGCT	CCTAAGAGCATC	16.10.2024 14:59	ITS	LP4-ITS-0265	1711-d14-l	1711	P3	A10	2.8868	DNA57	highschool_hs	highschool	hand_swabs	14	l
366291_266-LP4-ITS-0266	GGCGCCAGAGAT	GAGCGCCGAACA	16.10.2024 14:59	ITS	LP4-ITS-0266	1718-d14-r	1718	P3	B10	0.4878	DNA57	highschool_hs	highschool	hand_swabs	14	r
366291_267-LP4-ITS-0267	CATAGCGAGTTC	CTAGTCGCTGGT	16.10.2024 14:59	ITS	LP4-ITS-0267	1724-d14-r	1724	P3	C10	0.5439	DNA57	highschool_hs	highschool	hand_swabs	14	r
366291_268-LP4-ITS-0268	GTTATAGAGATT	TGGACTCAGCTA	16.10.2024 14:59	ITS	LP4-ITS-0268	1806-d14-r	1806	P3	D10	1.9355	DNA57	highschool_hs	highschool	hand_swabs	14	r
366291_269-LP4-ITS-0269	CAAGCATGCCTA	TGTTGCGTTTCT	16.10.2024 14:59	ITS	LP4-ITS-0269	1812-d14-r	1812	P3	E10	0.9414	DNA57	highschool_hs	highschool	hand_swabs	14	r
366291_270-LP4-ITS-0270	GCTGCAAATCTT	ACCTATGGTGAA	16.10.2024 14:59	ITS	LP4-ITS-0270	1817-d14-l	1817	P3	F10	2.1339	DNA57	highschool_hs	highschool	hand_swabs	14	l
366291_271-LP4-ITS-0271	TCGCTGTAACAG	CTCACGCAATGC	16.10.2024 14:59	ITS	LP4-ITS-0271	1702-d21-l	1702	P3	G10	6.5745	DNA57	highschool_hs	highschool	hand_swabs	21	l
366291_272-LP4-ITS-0272	TTGCTCAGGATG	TAGTGTCGGATC	16.10.2024 14:59	ITS	LP4-ITS-0272	1710-d21-l	1710	P3	H10	33.3774	DNA57	highschool_hs	highschool	hand_swabs	21	l
366291_273-LP4-ITS-0273	TCCCGGGTGGCT	GCAAGAATACAT	16.10.2024 14:59	ITS	LP4-ITS-0273	1712-d14-r	1712	P3	A11	5.9371	DNA57	highschool_hs	highschool	hand_swabs	14	r
366291_274-LP4-ITS-0274	GGCGCCAGAGAT	CAGGGTAGGGTA	16.10.2024 14:59	ITS	LP4-ITS-0274	1718-d14-l	1718	P3	B11	0.736	DNA57	highschool_hs	highschool	hand_swabs	14	l
366291_275-LP4-ITS-0275	CATAGCGAGTTC	AATATCGGGATC	16.10.2024 14:59	ITS	LP4-ITS-0275	1724-d14-l	1724	P3	C11	0.5048	DNA57	highschool_hs	highschool	hand_swabs	14	l
366291_276-LP4-ITS-0276	GTTATAGAGATT	GCGATGGCGATG	16.10.2024 14:59	ITS	LP4-ITS-0276	1806-d14-l	1806	P3	D11	1.9684	DNA57	highschool_hs	highschool	hand_swabs	14	l
366291_277-LP4-ITS-0277	CAAGCATGCCTA	TTATACGTTGTA	16.10.2024 14:59	ITS	LP4-ITS-0277	1812-d14-l	1812	P3	E11	0.5518	DNA57	highschool_hs	highschool	hand_swabs	14	l
366291_278-LP4-ITS-0278	GCTGCAAATCTT	AATCTAACAATT	16.10.2024 14:59	ITS	LP4-ITS-0278	1818-d14-r	1818	P3	F11	0.4545	DNA57	highschool_hs	highschool	hand_swabs	14	r
366291_279-LP4-ITS-0279	TCGCTGTAACAG	ATCGTTATATCA	16.10.2024 14:59	ITS	LP4-ITS-0279	1703-d21-r	1703	P3	G11	40.8116	DNA57	highschool_hs	highschool	hand_swabs	21	r
366291_280-LP4-ITS-0280	TTGCTCAGGATG	TCAAGCAATACG	16.10.2024 14:59	ITS	LP4-ITS-0280	Positive-Control-P3		P3	H11	39.6416	DNA57	highschool_hs	highschool	control_p		
366291_281-LP4-ITS-0281	TCCCGGGTGGCT	GGTAATAGAGTT	16.10.2024 14:59	ITS	LP4-ITS-0281	1712-d14-l	1712	P3	A12	0.5206	DNA57	highschool_hs	highschool	hand_swabs	14	l
366291_282-LP4-ITS-0282	GGCGCCAGAGAT	GTAAATTCAGGC	16.10.2024 14:59	ITS	LP4-ITS-0282	1719-d14-r	1719	P3	B12	1.0848	DNA57	highschool_hs	highschool	hand_swabs	14	r
366291_283-LP4-ITS-0283	CATAGCGAGTTC	AAGCCTCTACGA	16.10.2024 14:59	ITS	LP4-ITS-0283	1801-d14-r	1801	P3	C12	0.5173	DNA57	highschool_hs	highschool	hand_swabs	14	r
366291_284-LP4-ITS-0284	GTTATAGAGATT	TAGGAGAGACAG	16.10.2024 14:59	ITS	LP4-ITS-0284	1807-d14-r	1807	P3	D12	0.9622	DNA57	highschool_hs	highschool	hand_swabs	14	r
366291_285-LP4-ITS-0285	CAAGCATGCCTA	GGTGTGAGAAAG	16.10.2024 14:59	ITS	LP4-ITS-0285	1813-d14-r	1813	P3	E12	1.1576	DNA57	highschool_hs	highschool	hand_swabs	14	r
366291_286-LP4-ITS-0286	GCTGCAAATCTT	GTTCCATCGGCC	16.10.2024 14:59	ITS	LP4-ITS-0286	1818-d14-l	1818	P3	F12	0.5971	DNA57	highschool_hs	highschool	hand_swabs	14	l
366291_287-LP4-ITS-0287	TCGCTGTAACAG	TACTTAAACATC	16.10.2024 14:59	ITS	LP4-ITS-0287	1703-d21-l	1703	P3	G12	7.5852	DNA57	highschool_hs	highschool	hand_swabs	21	l
366291_288-LP4-ITS-0288	TTGCTCAGGATG	AGGGAGCTTCGG	16.10.2024 14:59	ITS	LP4-ITS-0288	1712-d21-r	1712	P3	H12	30.0764	DNA57	highschool_hs	highschool	hand_swabs	21	r
366291_289-LP4-ITS-0289	TTGTATGTGCGT	CTACCGATTGCG	16.10.2024 14:59	ITS	LP4-ITS-0289	1712-d21-l	1712	P4	A01	8.71631	DNA58	highschool_hs	highschool	hand_swabs	21	l
366291_290-LP4-ITS-0290	GTAAAGATCACA	ATTTGCTTTGCC	16.10.2024 14:59	ITS	LP4-ITS-0290	Positive-Control-P4		P4	B01	22.40765	DNA58	highschool_hs	highschool	control_p		
366291_291-LP4-ITS-0291	TACCGGCCCGAC	GTGACCCTGTCA	16.10.2024 14:59	ITS	LP4-ITS-0291	1713-d21-r	1713	P4	C01	2.24552	DNA58	highschool_hs	highschool	hand_swabs	21	r
366291_292-LP4-ITS-0292	AATATCAGACGA	GAGAATGGAAAG	16.10.2024 14:59	ITS	LP4-ITS-0292	1713-d21-l	1713	P4	D01	1.70983	DNA58	highschool_hs	highschool	hand_swabs	21	l
366291_293-LP4-ITS-0293	TGGGCGCGTGAA	CAGTAGCGATAT	16.10.2024 14:59	ITS	LP4-ITS-0293	1716-d21-r	1716	P4	E01	3.71531	DNA58	highschool_hs	highschool	hand_swabs	21	r
366291_294-LP4-ITS-0294	AGCGTAGGTCGT	GCCAAGGATAGG	16.10.2024 14:59	ITS	LP4-ITS-0294	1716-d21-l	1716	P4	F01	1.04658	DNA58	highschool_hs	highschool	hand_swabs	21	l
366291_295-LP4-ITS-0295	GATTGTACTCGG	TGACGAGGGCTG	16.10.2024 14:59	ITS	LP4-ITS-0295	1718-d21-r	1718	P4	G01	2.84552	DNA58	highschool_hs	highschool	hand_swabs	21	r
366291_296-LP4-ITS-0296	ATCACTAGTCAC	GTGCGAGGACAA	16.10.2024 14:59	ITS	LP4-ITS-0296	1718-d21-l	1718	P4	H01	0.95471	DNA58	highschool_hs	highschool	hand_swabs	21	l
366291_297-LP4-ITS-0297	TTGTATGTGCGT	GAGAGTCCACTT	16.10.2024 14:59	ITS	LP4-ITS-0297	1719-d21-r	1719	P4	A02	2.27176	DNA58	highschool_hs	highschool	hand_swabs	21	r
366291_298-LP4-ITS-0298	GTAAAGATCACA	CTTCGGAGGGAG	16.10.2024 14:59	ITS	LP4-ITS-0298	1719-d21-l	1719	P4	B02	3.16995	DNA58	highschool_hs	highschool	hand_swabs	21	l
366291_299-LP4-ITS-0299	TACCGGCCCGAC	AGCAACATTGCA	16.10.2024 14:59	ITS	LP4-ITS-0299	1720-d21-r	1720	P4	C02	0.67547	DNA58	highschool_hs	highschool	hand_swabs	21	r
366291_300-LP4-ITS-0300	AATATCAGACGA	GCTTCATTTCTG	16.10.2024 14:59	ITS	LP4-ITS-0300	1720-d21-l	1720	P4	D02	0.99946	DNA58	highschool_hs	highschool	hand_swabs	21	l
366291_301-LP4-ITS-0301	TGGGCGCGTGAA	CCACTCTCTCTA	16.10.2024 14:59	ITS	LP4-ITS-0301	1721-d21-r	1721	P4	E02	2.5523	DNA58	highschool_hs	highschool	hand_swabs	21	r
366291_302-LP4-ITS-0302	AGCGTAGGTCGT	GAACAAAGAGCG	16.10.2024 14:59	ITS	LP4-ITS-0302	1721-d21-l	1721	P4	F02	0.86565	DNA58	highschool_hs	highschool	hand_swabs	21	l
366291_303-LP4-ITS-0303	GATTGTACTCGG	AGACAGTAGGAG	16.10.2024 14:59	ITS	LP4-ITS-0303	1722-d21-r	1722	P4	G02	0.83381	DNA58	highschool_hs	highschool	hand_swabs	21	r
366291_304-LP4-ITS-0304	ATCACTAGTCAC	CTTTGATAATAA	16.10.2024 14:59	ITS	LP4-ITS-0304	PCR-Control-P4		P4	H02	0.13355	DNA58	highschool_hs	highschool	control_pcr		
366291_305-LP4-ITS-0305	TTGTATGTGCGT	CTAACCTCATAT	16.10.2024 14:59	ITS	LP4-ITS-0305	1722-d21-l	1722	P4	A03	1.41467	DNA58	highschool_hs	highschool	hand_swabs	21	l
366291_306-LP4-ITS-0306	GTAAAGATCACA	TAAGAAACGTCA	16.10.2024 14:59	ITS	LP4-ITS-0306	1723-d21-r	1723	P4	B03	4.14128	DNA58	highschool_hs	highschool	hand_swabs	21	r
366291_307-LP4-ITS-0307	TACCGGCCCGAC	CAGTGTCATGAA	16.10.2024 14:59	ITS	LP4-ITS-0307	1723-d21-l	1723	P4	C03	1.00441	DNA58	highschool_hs	highschool	hand_swabs	21	l
366291_308-LP4-ITS-0308	AATATCAGACGA	CATTCAGTTATA	16.10.2024 14:59	ITS	LP4-ITS-0308	1724-d21-r	1724	P4	D03	1.1251	DNA58	highschool_hs	highschool	hand_swabs	21	r
366291_309-LP4-ITS-0309	TGGGCGCGTGAA	TATCGTTATCGT	16.10.2024 14:59	ITS	LP4-ITS-0309	1724-d21-l	1724	P4	E03	1.14919	DNA58	highschool_hs	highschool	hand_swabs	21	l
366291_310-LP4-ITS-0310	AGCGTAGGTCGT	ATTCGGTAGTGC	16.10.2024 14:59	ITS	LP4-ITS-0310	1801-d21-r	1801	P4	F03	0.15592	DNA58	highschool_hs	highschool	hand_swabs	21	r
366291_311-LP4-ITS-0311	GATTGTACTCGG	ATAGACACTCCG	16.10.2024 14:59	ITS	LP4-ITS-0311	1801-d21-l	1801	P4	G03	0.37213	DNA58	highschool_hs	highschool	hand_swabs	21	l
366291_312-LP4-ITS-0312	ATCACTAGTCAC	CATAAATTCTTG	16.10.2024 14:59	ITS	LP4-ITS-0312	1802-d21-r	1802	P4	H03	2.4372	DNA58	highschool_hs	highschool	hand_swabs	21	r
366291_313-LP4-ITS-0313	TTGTATGTGCGT	AGCTTCGACAGT	16.10.2024 14:59	ITS	LP4-ITS-0313	1802-d21-l	1802	P4	A04	4.34028	DNA58	highschool_hs	highschool	hand_swabs	21	l
366291_314-LP4-ITS-0314	GTAAAGATCACA	TTGCGACAAAGT	16.10.2024 14:59	ITS	LP4-ITS-0314	1803-d21-r	1803	P4	B04	2.01188	DNA58	highschool_hs	highschool	hand_swabs	21	r
366291_315-LP4-ITS-0315	TACCGGCCCGAC	GTTGACCATCGC	16.10.2024 14:59	ITS	LP4-ITS-0315	1803-d21-l	1803	P4	C04	0.42591	DNA58	highschool_hs	highschool	hand_swabs	21	l
366291_316-LP4-ITS-0316	AATATCAGACGA	CCAGATATAGCA	16.10.2024 14:59	ITS	LP4-ITS-0316	1804-d21-r	1804	P4	D04	0.22756	DNA58	highschool_hs	highschool	hand_swabs	21	r
366291_317-LP4-ITS-0317	TGGGCGCGTGAA	ATGTATCAATTA	16.10.2024 14:59	ITS	LP4-ITS-0317	1804-d21-l	1804	P4	E04	0.14753	DNA58	highschool_hs	highschool	hand_swabs	21	l
366291_318-LP4-ITS-0318	AGCGTAGGTCGT	CTTGAGAAATCG	16.10.2024 14:59	ITS	LP4-ITS-0318	1805-d21-r	1805	P4	F04	0.97451	DNA58	highschool_hs	highschool	hand_swabs	21	r
366291_319-LP4-ITS-0319	GATTGTACTCGG	ACGGCCCTGGAG	16.10.2024 14:59	ITS	LP4-ITS-0319	1805-d21-l	1805	P4	G04	2.88016	DNA58	highschool_hs	highschool	hand_swabs	21	l
366291_320-LP4-ITS-0320	ATCACTAGTCAC	CTGTAAAGGTTG	16.10.2024 14:59	ITS	LP4-ITS-0320	1806-d21-r	1806	P4	H04	2.63943	DNA58	highschool_hs	highschool	hand_swabs	21	r
366291_321-LP4-ITS-0321	TTGTATGTGCGT	GAGAGGGATCAC	16.10.2024 14:59	ITS	LP4-ITS-0321	1806-d21-l	1806	P4	A05	1.79524	DNA58	highschool_hs	highschool	hand_swabs	21	l
366291_322-LP4-ITS-0322	GTAAAGATCACA	AGGAACCAGACG	16.10.2024 14:59	ITS	LP4-ITS-0322	1807-d21-r	1807	P4	B05	3.54492	DNA58	highschool_hs	highschool	hand_swabs	21	r
366291_323-LP4-ITS-0323	TACCGGCCCGAC	AGACACCAATGT	16.10.2024 14:59	ITS	LP4-ITS-0323	1807-d21-l	1807	P4	C05	0.89641	DNA58	highschool_hs	highschool	hand_swabs	21	l
366291_324-LP4-ITS-0324	AATATCAGACGA	TCATACAGCCAG	16.10.2024 14:59	ITS	LP4-ITS-0324	1809-d21-r	1809	P4	D05	0.35901	DNA58	highschool_hs	highschool	hand_swabs	21	r
366291_325-LP4-ITS-0325	TGGGCGCGTGAA	CAAATGGTCGTC	16.10.2024 14:59	ITS	LP4-ITS-0325	1809-d21-l	1809	P4	E05	0.11548	DNA58	highschool_hs	highschool	hand_swabs	21	l
366291_326-LP4-ITS-0326	AGCGTAGGTCGT	CGAGGGAAAGTC	16.10.2024 14:59	ITS	LP4-ITS-0326	1810-d21-r	1810	P4	F05	0.6574	DNA58	highschool_hs	highschool	hand_swabs	21	r
366291_327-LP4-ITS-0327	GATTGTACTCGG	CACAATACACCG	16.10.2024 14:59	ITS	LP4-ITS-0327	1810-d21-l	1810	P4	G05	7.0316	DNA58	highschool_hs	highschool	hand_swabs	21	l
366291_328-LP4-ITS-0328	ATCACTAGTCAC	GGCAGTGTTAAT	16.10.2024 14:59	ITS	LP4-ITS-0328	1811-d21-r	1811	P4	H05	0.21056	DNA58	highschool_hs	highschool	hand_swabs	21	r
366291_329-LP4-ITS-0329	TTGTATGTGCGT	TGGCCGTTACTG	16.10.2024 14:59	ITS	LP4-ITS-0329	1811-d21-l	1811	P4	A06	0.15033	DNA58	highschool_hs	highschool	hand_swabs	21	l
366291_330-LP4-ITS-0330	GTAAAGATCACA	CGTGGTGGGAAC	16.10.2024 14:59	ITS	LP4-ITS-0330	1812-d21-r	1812	P4	B06	1.03948	DNA58	highschool_hs	highschool	hand_swabs	21	r
366291_331-LP4-ITS-0331	TACCGGCCCGAC	CGCAGATTAGTA	16.10.2024 14:59	ITS	LP4-ITS-0331	1812-d21-l	1812	P4	C06	0.7925	DNA58	highschool_hs	highschool	hand_swabs	21	l
366291_332-LP4-ITS-0332	AATATCAGACGA	CTCTTCTGATCA	16.10.2024 14:59	ITS	LP4-ITS-0332	1813-d21-r	1813	P4	D06	0.46249	DNA58	highschool_hs	highschool	hand_swabs	21	r
366291_333-LP4-ITS-0333	TGGGCGCGTGAA	ACACGCGGTTTA	16.10.2024 14:59	ITS	LP4-ITS-0333	1813-d21-l	1813	P4	E06	0.44528	DNA58	highschool_hs	highschool	hand_swabs	21	l
366291_334-LP4-ITS-0334	AGCGTAGGTCGT	GAATGCGTATAA	16.10.2024 14:59	ITS	LP4-ITS-0334	1814-d21-r	1814	P4	F06	0.37665	DNA58	highschool_hs	highschool	hand_swabs	21	r
366291_335-LP4-ITS-0335	GATTGTACTCGG	GATGCGCAGGAC	16.10.2024 14:59	ITS	LP4-ITS-0335	1814-d21-l	1814	P4	G06	2.37029	DNA58	highschool_hs	highschool	hand_swabs	21	l
366291_336-LP4-ITS-0336	ATCACTAGTCAC	TAGACCGACTCC	16.10.2024 14:59	ITS	LP4-ITS-0336	1815-d21-r	1815	P4	H06	0.63266	DNA58	highschool_hs	highschool	hand_swabs	21	r
366291_337-LP4-ITS-0337	TTGTATGTGCGT	AAGATCGTACTG	16.10.2024 14:59	ITS	LP4-ITS-0337	Negative-Control-P4		P4	A07	0.01694	DNA58	highschool_hs	highschool	control_n		
366291_338-LP4-ITS-0338	GTAAAGATCACA	GTCATTGGGCTA	16.10.2024 14:59	ITS	LP4-ITS-0338	1815-d21-l	1815	P4	B07	0.50465	DNA58	highschool_hs	highschool	hand_swabs	21	l
366291_339-LP4-ITS-0339	TACCGGCCCGAC	TCCTAGGTCCGA	16.10.2024 14:59	ITS	LP4-ITS-0339	1817-d21-r	1817	P4	C07	0.20088	DNA58	highschool_hs	highschool	hand_swabs	21	r
366291_340-LP4-ITS-0340	AATATCAGACGA	CGCGGCGCAGCT	16.10.2024 14:59	ITS	LP4-ITS-0340	1817-d21-l	1817	P4	D07	3.83471	DNA58	highschool_hs	highschool	hand_swabs	21	l
366291_341-LP4-ITS-0341	TGGGCGCGTGAA	AAGCCGGGTCCG	16.10.2024 14:59	ITS	LP4-ITS-0341	1818-d21-r	1818	P4	E07	0.09418	DNA58	highschool_hs	highschool	hand_swabs	21	r
366291_342-LP4-ITS-0342	AGCGTAGGTCGT	TACCTGTGTCTT	16.10.2024 14:59	ITS	LP4-ITS-0342	1818-d21-l	1818	P4	F07	1.03711	DNA58	highschool_hs	highschool	hand_swabs	21	l
366291_343-LP4-ITS-0343	GATTGTACTCGG	TGAAAGCGGCGA	16.10.2024 14:59	ITS	LP4-ITS-0343	1820-d21-r	1820	P4	G07	1.95788	DNA58	highschool_hs	highschool	hand_swabs	21	r
366291_344-LP4-ITS-0344	ATCACTAGTCAC	TGGAATTCGGCT	16.10.2024 14:59	ITS	LP4-ITS-0344	1820-d21-l	1820	P4	H07	1.52482	DNA58	highschool_hs	highschool	hand_swabs	21	l
366291_345-LP4-ITS-0345	TTGTATGTGCGT	ATTTGAAGAGGT	16.10.2024 14:59	ITS	LP4-ITS-0345	1822-d21-r	1822	P4	A08	2.10245	DNA58	highschool_hs	highschool	hand_swabs	21	r
366291_346-LP4-ITS-0346	GTAAAGATCACA	TCTACGGCACGT	16.10.2024 14:59	ITS	LP4-ITS-0346	1822-d21-l	1822	P4	B08	0.21508	DNA58	highschool_hs	highschool	hand_swabs	21	l
366291_347-LP4-ITS-0347	TACCGGCCCGAC	GGCCTATAAGTC	16.10.2024 14:59	ITS	LP4-ITS-0347	1823-d21-r	1823	P4	C08	0.4186	DNA58	highschool_hs	highschool	hand_swabs	21	r
366291_348-LP4-ITS-0348	AATATCAGACGA	ATGGATAGCTAA	16.10.2024 14:59	ITS	LP4-ITS-0348	1823-d21-l	1823	P4	D08	0.04706	DNA58	highschool_hs	highschool	hand_swabs	21	l
366291_349-LP4-ITS-0349	TGGGCGCGTGAA	AGGACGCCAGCA	16.10.2024 14:59	ITS	LP4-ITS-0349	Ship-W-mother-r		P4	E08	0.31211	DNA58	highschool_hs	highschool	hand_swabs	0	r
366291_350-LP4-ITS-0350	AGCGTAGGTCGT	GCTATATCCAGG	16.10.2024 14:59	ITS	LP4-ITS-0350	Ship-W-mother-l		P4	F08	0.09805	DNA58	highschool_hs	highschool	hand_swabs	0	l
366291_351-LP4-ITS-0351	GATTGTACTCGG	AGCACCGGTCTT	16.10.2024 14:59	ITS	LP4-ITS-0351	AM-W-mother-r		P4	G08	3.98143	DNA58	highschool_hs	highschool	hand_swabs	0	r
366291_352-LP4-ITS-0352	ATCACTAGTCAC	GAAGATCTATCG	16.10.2024 14:59	ITS	LP4-ITS-0352	AM-W-mother-l		P4	H08	7.19811	DNA58	highschool_hs	highschool	hand_swabs	0	l
366291_353-LP4-ITS-0353	TTGTATGTGCGT	GTCAATTAGTGG	16.10.2024 14:59	ITS	LP4-ITS-0353	empty		P4	A09	-0.11945	DNA58	highschool_hs	highschool	empty		
366291_354-LP4-ITS-0354	GTAAAGATCACA	AGCCCGCAAAGG	16.10.2024 14:59	ITS	LP4-ITS-0354	empty		P4	B09	-0.12117	DNA58	highschool_hs	highschool	empty		
366291_355-LP4-ITS-0355	TACCGGCCCGAC	CTCTATTCCACC	16.10.2024 14:59	ITS	LP4-ITS-0355	empty		P4	C09	-0.12117	DNA58	highschool_hs	highschool	empty		
366291_356-LP4-ITS-0356	AATATCAGACGA	AGAAGGCCTTAT	16.10.2024 14:59	ITS	LP4-ITS-0356	empty		P4	D09	-0.12139	DNA58	highschool_hs	highschool	empty		
366291_357-LP4-ITS-0357	TGGGCGCGTGAA	TTGGAACGGCTT	16.10.2024 14:59	ITS	LP4-ITS-0357	empty		P4	E09	-0.1216	DNA58	highschool_hs	highschool	empty		
366291_358-LP4-ITS-0358	AGCGTAGGTCGT	CATGATTAAGAG	16.10.2024 14:59	ITS	LP4-ITS-0358	empty		P4	F09	-0.11751	DNA58	highschool_hs	highschool	empty		
366291_359-LP4-ITS-0359	GATTGTACTCGG	ACGCCGAGGTAG	16.10.2024 14:59	ITS	LP4-ITS-0359	empty		P4	G09	-0.10073	DNA58	highschool_hs	highschool	empty		
366291_360-LP4-ITS-0360	ATCACTAGTCAC	ATCGCCGCCTTG	16.10.2024 14:59	ITS	LP4-ITS-0360	empty		P4	H09	-0.12074	DNA58	highschool_hs	highschool	empty		
366291_361-LP4-ITS-0361	TTGTATGTGCGT	CCTAAGAGCATC	16.10.2024 14:59	ITS	LP4-ITS-0361	empty		P4	A10	-0.11837	DNA58	highschool_hs	highschool	empty		
366291_362-LP4-ITS-0362	GTAAAGATCACA	GAGCGCCGAACA	16.10.2024 14:59	ITS	LP4-ITS-0362	empty		P4	B10	-0.12096	DNA58	highschool_hs	highschool	empty		
366291_363-LP4-ITS-0363	TACCGGCCCGAC	CTAGTCGCTGGT	16.10.2024 14:59	ITS	LP4-ITS-0363	empty		P4	C10	-0.1173	DNA58	highschool_hs	highschool	empty		
366291_364-LP4-ITS-0364	AATATCAGACGA	TGGACTCAGCTA	16.10.2024 14:59	ITS	LP4-ITS-0364	empty		P4	D10	-0.12289	DNA58	highschool_hs	highschool	empty		
366291_365-LP4-ITS-0365	TGGGCGCGTGAA	TGTTGCGTTTCT	16.10.2024 14:59	ITS	LP4-ITS-0365	empty		P4	E10	-0.12246	DNA58	highschool_hs	highschool	empty		
366291_366-LP4-ITS-0366	AGCGTAGGTCGT	ACCTATGGTGAA	16.10.2024 14:59	ITS	LP4-ITS-0366	empty		P4	F10	-0.12096	DNA58	highschool_hs	highschool	empty		
366291_367-LP4-ITS-0367	GATTGTACTCGG	CTCACGCAATGC	16.10.2024 14:59	ITS	LP4-ITS-0367	empty		P4	G10	-0.12289	DNA58	highschool_hs	highschool	empty		
366291_368-LP4-ITS-0368	ATCACTAGTCAC	TAGTGTCGGATC	16.10.2024 14:59	ITS	LP4-ITS-0368	empty		P4	H10	-0.12311	DNA58	highschool_hs	highschool	empty		
366291_369-LP4-ITS-0369	TTGTATGTGCGT	GCAAGAATACAT	16.10.2024 14:59	ITS	LP4-ITS-0369	empty		P4	A11	-0.11859	DNA58	highschool_hs	highschool	empty		
366291_370-LP4-ITS-0370	GTAAAGATCACA	CAGGGTAGGGTA	16.10.2024 14:59	ITS	LP4-ITS-0370	empty		P4	B11	-0.1201	DNA58	highschool_hs	highschool	empty		
366291_371-LP4-ITS-0371	TACCGGCCCGAC	AATATCGGGATC	16.10.2024 14:59	ITS	LP4-ITS-0371	empty		P4	C11	-0.12074	DNA58	highschool_hs	highschool	empty		
366291_372-LP4-ITS-0372	AATATCAGACGA	GCGATGGCGATG	16.10.2024 14:59	ITS	LP4-ITS-0372	empty		P4	D11	-0.12096	DNA58	highschool_hs	highschool	empty		
366291_373-LP4-ITS-0373	TGGGCGCGTGAA	TTATACGTTGTA	16.10.2024 14:59	ITS	LP4-ITS-0373	empty		P4	E11	-0.11794	DNA58	highschool_hs	highschool	empty		
366291_374-LP4-ITS-0374	AGCGTAGGTCGT	AATCTAACAATT	16.10.2024 14:59	ITS	LP4-ITS-0374	empty		P4	F11	-0.12268	DNA58	highschool_hs	highschool	empty		
366291_375-LP4-ITS-0375	GATTGTACTCGG	ATCGTTATATCA	16.10.2024 14:59	ITS	LP4-ITS-0375	empty		P4	G11	-0.12375	DNA58	highschool_hs	highschool	empty		
366291_376-LP4-ITS-0376	ATCACTAGTCAC	TCAAGCAATACG	16.10.2024 14:59	ITS	LP4-ITS-0376	empty		P4	H11	-0.12375	DNA58	highschool_hs	highschool	empty		
366291_377-LP4-ITS-0377	TTGTATGTGCGT	GGTAATAGAGTT	16.10.2024 14:59	ITS	LP4-ITS-0377	empty		P4	A12	-0.1201	DNA58	highschool_hs	highschool	empty		
366291_378-LP4-ITS-0378	GTAAAGATCACA	GTAAATTCAGGC	16.10.2024 14:59	ITS	LP4-ITS-0378	empty		P4	B12	-0.11837	DNA58	highschool_hs	highschool	empty		
366291_379-LP4-ITS-0379	TACCGGCCCGAC	AAGCCTCTACGA	16.10.2024 14:59	ITS	LP4-ITS-0379	empty		P4	C12	-0.12117	DNA58	highschool_hs	highschool	empty		
366291_380-LP4-ITS-0380	AATATCAGACGA	TAGGAGAGACAG	16.10.2024 14:59	ITS	LP4-ITS-0380	empty		P4	D12	-0.12117	DNA58	highschool_hs	highschool	empty		
366291_381-LP4-ITS-0381	TGGGCGCGTGAA	GGTGTGAGAAAG	16.10.2024 14:59	ITS	LP4-ITS-0381	empty		P4	E12	-0.12397	DNA58	highschool_hs	highschool	empty		
366291_382-LP4-ITS-0382	AGCGTAGGTCGT	GTTCCATCGGCC	16.10.2024 14:59	ITS	LP4-ITS-0382	empty		P4	F12	-0.12418	DNA58	highschool_hs	highschool	empty		
366291_383-LP4-ITS-0383	GATTGTACTCGG	TACTTAAACATC	16.10.2024 14:59	ITS	LP4-ITS-0383	empty		P4	G12	-0.12461	DNA58	highschool_hs	highschool	empty		
366291_384-LP4-ITS-0384	ATCACTAGTCAC	AGGGAGCTTCGG	16.10.2024 14:59	ITS	LP4-ITS-0384	empty		P4	H12	-0.12332	DNA58	highschool_hs	highschool	empty		